wavelength_nm,p_value,q_FDR_BH
400.0,0.7658386897317938,0.8113301408263993
401.0,0.6730689214212663,0.7238932133377122
402.0,0.6058160063657976,0.6612712235530872
403.0,0.5587735365496767,0.6211623433405891
404.0,0.5212533991289022,0.589355414340341
405.0,0.4980810870072294,0.5697514274689501
406.0,0.4814711520962799,0.5544622868890905
407.0,0.49054021453613983,0.563009501966213
408.0,0.5223887566366383,0.5903136858742397
409.0,0.5766713750588922,0.6390904834833652
410.0,0.589731720406081,0.6495917070638412
411.0,0.56610158173788,0.6282869827621168
412.0,0.5486233920490748,0.6132024943284209
413.0,0.5541698991351505,0.6173228409847541
414.0,0.5389657015487614,0.6047147997136268
415.0,0.5133487136961861,0.5823441436896447
416.0,0.521205926381942,0.589355414340341
417.0,0.5521742139802455,0.6154941917790671
418.0,0.5576578512068133,0.6202582715971661
419.0,0.5775649455422758,0.63962510977711
420.0,0.588176133400345,0.6492730083983357
421.0,0.5919889409327105,0.6510291248541498
422.0,0.6017283883967037,0.6585618594459122
423.0,0.5832210542234315,0.6448444108960959
424.0,0.5544167104309689,0.6173228409847541
425.0,0.5254426607995586,0.5918082906644122
426.0,0.505804420261921,0.5756963740051054
427.0,0.5026509663799992,0.5731830162092253
428.0,0.5015610447488614,0.5724550377183721
429.0,0.5118754529746447,0.5809942191759803
430.0,0.5050244283132046,0.5751510449518082
431.0,0.4968703230822985,0.5686836119652869
432.0,0.4968703230822985,0.5686836119652869
433.0,0.4770045186438856,0.549627116707084
434.0,0.4621368462963946,0.5348999276263574
435.0,0.4652620757330823,0.537304345342653
436.0,0.4641146511958123,0.5365835116136477
437.0,0.47627375828794716,0.5490935796787969
438.0,0.48461677316439555,0.5568341746555604
439.0,0.5075734404956399,0.576918940841437
440.0,0.5139932975321804,0.5827530421440034
441.0,0.5149851426389669,0.5833301541462573
442.0,0.5233067665067925,0.5908862754593025
443.0,0.5077224223397336,0.576918940841437
444.0,0.5015610447488614,0.5724550377183721
445.0,0.5027577992005833,0.5731830162092253
446.0,0.5050448717494913,0.5751510449518082
447.0,0.5187590411733326,0.5871825570896827
448.0,0.5242635264713091,0.5911156476626649
449.0,0.5257671213862883,0.5918487189699656
450.0,0.5270136329906913,0.5929264735402676
451.0,0.5302179713155785,0.5962045280527694
452.0,0.5245394825675525,0.5911156476626649
453.0,0.49561986806068126,0.5682036609236765
454.0,0.48435936927089096,0.5568341746555604
455.0,0.48702828000549414,0.5592917146087729
456.0,0.49861566564655657,0.5700450001343855
457.0,0.49444260642365756,0.5671710211269136
458.0,0.5005570609883716,0.5719457003271031
459.0,0.5063575365611965,0.5760062714847555
460.0,0.5372177327045913,0.6030835083618592
461.0,0.548287600714725,0.6131613244634139
462.0,0.5505672408474587,0.6147051774513542
463.0,0.5514175720216123,0.6149850137119777
464.0,0.5498962673395874,0.614290438079245
465.0,0.5511246869259141,0.6149850137119777
466.0,0.54457161059326,0.6096705094578473
467.0,0.5471430171439247,0.6122151272025038
468.0,0.5359850531523865,0.6022394389994388
469.0,0.5443649885787096,0.6096705094578473
470.0,0.5716801401384879,0.6341351906025088
471.0,0.6004236325512977,0.657835935022816
472.0,0.6044106322931659,0.6604401741253507
473.0,0.6041935346193861,0.6604401741253507
474.0,0.6114733504411727,0.6663824876486957
475.0,0.5991035171361363,0.6570916115755163
476.0,0.5966349866528755,0.6550847738892118
477.0,0.5869512500144953,0.6482697974042703
478.0,0.5914949044832493,0.6510291248541498
479.0,0.5894155023780914,0.6495917070638412
480.0,0.5950792563054488,0.6540769317698154
481.0,0.5986610947921387,0.6569576808018601
482.0,0.6049981041072667,0.6607300913333355
483.0,0.6062207708995238,0.6613610644228315
484.0,0.613087450910774,0.6677867030366422
485.0,0.6149142412644508,0.6694209707183592
486.0,0.6194298398997586,0.673264759742663
487.0,0.6216056938699492,0.6752718634148653
488.0,0.6256225435114164,0.6785572907149208
489.0,0.6302231558564304,0.6828249829168193
490.0,0.6383299439985543,0.6908784776469841
491.0,0.6550101430028002,0.7070662122624966
492.0,0.6653587175521867,0.7163520890811207
493.0,0.6767673838676556,0.7274894676690574
494.0,0.6878285215455049,0.7370618065255122
495.0,0.6957568595347117,0.744390881014968
496.0,0.691485616117747,0.7402072018045402
497.0,0.682413641573266,0.7327149704596096
498.0,0.6801660269710765,0.7307598330632153
499.0,0.6910833648923911,0.740162914566211
500.0,0.6854416720651557,0.7350554156201419
501.0,0.6578666446212267,0.709402990598389
502.0,0.6247589331425335,0.677979138558379
503.0,0.5963452408131673,0.6550847738892118
504.0,0.5565162335881251,0.6193243597879786
505.0,0.5150711404967684,0.5833301541462573
506.0,0.45920684226782593,0.5321091714640175
507.0,0.42273517885238765,0.4912350435276187
508.0,0.3683506862045996,0.43072249567025866
509.0,0.3143313731465803,0.37115350968545546
510.0,0.2562280582435806,0.30571480364024656
511.0,0.21147891482787254,0.2561980238109667
512.0,0.17788407250742086,0.21846720521719773
513.0,0.12998284784590358,0.16295526951830575
514.0,0.09331052429106296,0.11931414296818586
515.0,0.06967626688569885,0.09379076095848664
516.0,0.04959698212031842,0.07096447058257152
517.0,0.036561640312080944,0.058175270969804516
518.0,0.024216076592844957,0.044199112847490354
519.0,0.015454171133206877,0.03160169989452374
520.0,0.0086823493596295,0.02403171192523631
521.0,0.005223649526831296,0.022079171481531528
522.0,0.003657338907273666,0.01858838843802752
523.0,0.0024344152462425434,0.015935587625200944
524.0,0.0012116530273243856,0.012302477024961955
525.0,0.0006279551475843636,0.006887358329922619
526.0,0.00023776310163260676,0.0033530200083902078
527.0,8.939165710603794e-05,0.0016667480793134894
528.0,3.324287249577074e-05,0.0007410992553133238
529.0,1.3682667568275809e-05,0.0003644565088640738
530.0,5.718956411829625e-06,0.0001563943946755008
531.0,2.4559864429125133e-06,6.900312595087075e-05
532.0,1.6147634976306014e-06,4.599833241167172e-05
533.0,1.1375776144579327e-06,3.3814082423959705e-05
534.0,6.681115282338108e-07,2.0762071884962818e-05
535.0,4.4863738447771246e-07,1.4156235008673666e-05
536.0,3.0816585393236975e-07,1.0032510578020482e-05
537.0,1.8316981387833402e-07,6.059375617168759e-06
538.0,1.1057933765217255e-07,3.7799703587434316e-06
539.0,7.151759479548338e-08,2.4861455411107865e-06
540.0,4.483866058816971e-08,1.6134051380058963e-06
541.0,3.039359437421771e-08,1.1131653939557237e-06
542.0,2.046474854304162e-08,7.919471558826106e-07
543.0,1.3393634535400106e-08,5.386342045510905e-07
544.0,9.908782447127255e-09,4.0645825598116006e-07
545.0,6.996790300360684e-09,2.989670188758284e-07
546.0,4.1109745002259e-09,1.8693751079290908e-07
547.0,3.0541049483426816e-09,1.4238238808303704e-07
548.0,2.3499246582478228e-09,1.1475465414443534e-07
549.0,2.055040735073218e-09,1.0493376627790291e-07
550.0,1.7383020609278789e-09,9.382256649902841e-08
551.0,1.4920562573791132e-09,8.30799279839887e-08
552.0,1.4987602805497716e-09,8.30799279839887e-08
553.0,1.4830541191850632e-09,8.30799279839887e-08
554.0,1.8812748398453537e-09,9.89357614493031e-08
555.0,2.0976520806406727e-09,1.0493376627790291e-07
556.0,3.0545222211865574e-09,1.4238238808303704e-07
557.0,4.647867189393494e-09,2.02825012881831e-07
558.0,8.293982464379031e-09,3.4716240886615084e-07
559.0,1.4872586445133786e-08,5.866091307494115e-07
560.0,2.6058390085977728e-08,9.717410557516421e-07
561.0,6.000606289727352e-08,2.1219385345225518e-06
562.0,1.418437825556505e-07,4.769206524944905e-06
563.0,3.4764975591550214e-07,1.1141088271604607e-05
564.0,7.218125452992556e-07,2.209318308861879e-05
565.0,1.3144684350511564e-06,3.797147549704115e-05
566.0,3.083054466326555e-06,8.545060419507788e-05
567.0,6.2524748724376486e-06,0.00016873455214960024
568.0,1.6923818040184427e-05,0.00044500962564638795
569.0,4.189617848776212e-05,0.0009045164429305274
570.0,8.120979086318569e-05,0.001556647486545737
571.0,0.0002145490551813118,0.0031198145735714606
572.0,0.0004880458516691362,0.005477907142111446
573.0,0.0008162319309757053,0.008719227554329018
574.0,0.0013648785791319125,0.012900303989859689
575.0,0.0020089906351705307,0.014611488626719004
576.0,0.002692130800477042,0.01597506081037875
577.0,0.0033885325665190366,0.017866016179770038
578.0,0.00399058679211896,0.019817659832048393
579.0,0.004830841623157355,0.02140184741339902
580.0,0.00572279215507889,0.022079171481531528
581.0,0.00668723733444067,0.022144322789470077
582.0,0.007284425686889892,0.02279914316506358
583.0,0.008374274130841124,0.023759274102653143
584.0,0.009305191163925544,0.0246257381641436
585.0,0.010666295191471472,0.02684241894197299
586.0,0.011475967620128988,0.02734329822733813
587.0,0.012246615485073204,0.02734329822733813
588.0,0.013240609622245594,0.027967549263878178
589.0,0.014686157986702654,0.030364223821297522
590.0,0.015182661421289234,0.03123333859083673
591.0,0.01569293276142255,0.031930759021505606
592.0,0.017107333341989536,0.03423135676528833
593.0,0.018288690171339588,0.036032760366395286
594.0,0.019286040302988933,0.037564737570209214
595.0,0.019714046865249912,0.03825308431469023
596.0,0.020623170238910898,0.0395609701361182
597.0,0.021077011465122076,0.040250419473897
598.0,0.02223451796151491,0.041991709336157534
599.0,0.022947747387939848,0.04280790703099416
600.0,0.02474222329743085,0.04474982361819283
601.0,0.025764448175675518,0.04595033322461781
602.0,0.027962374452353913,0.04835651770807578
603.0,0.02957931884795584,0.050221177944666746
604.0,0.03219524564794424,0.05351089856072418
605.0,0.03675677772315535,0.058440427217202814
606.0,0.04115147671637753,0.06252051550468532
607.0,0.044724462911095865,0.06561507398473364
608.0,0.04961630951506951,0.07096447058257152
609.0,0.05751167636077532,0.07971970684151584
610.0,0.06493162153517579,0.08784614496612504
611.0,0.07704463849370256,0.10135891824925206
612.0,0.0858977680358591,0.11059405037134153
613.0,0.10362192344849508,0.13184154155884828
614.0,0.12599070836614643,0.15814378387941636
615.0,0.13771086515431316,0.1719080854726088
616.0,0.15114940104740707,0.18742891266519462
617.0,0.1657281820127624,0.2043947692773155
618.0,0.18003283031570086,0.22070970411088014
619.0,0.1925537431641837,0.23451765274925224
620.0,0.20228734292052206,0.24578870872629782
621.0,0.2089379204809134,0.25326931141037434
622.0,0.21493425477161232,0.2600767885171545
623.0,0.22220628304467285,0.26824313509395176
624.0,0.22844928010874188,0.2748090753683458
625.0,0.22839033514979495,0.2748090753683458
626.0,0.22832447348794638,0.2748090753683458
627.0,0.23215487845090152,0.27893945852536556
628.0,0.23668701155756075,0.28388600041202167
629.0,0.24130151617927328,0.2890825991143046
630.0,0.24265691556605026,0.2905366805755803
631.0,0.2446355935601296,0.29273489054365565
632.0,0.24725641093485093,0.29552616481782007
633.0,0.2532275347785201,0.3023106366884428
634.0,0.2613028577080839,0.31122657442466906
635.0,0.2688509881338048,0.31969551438617233
636.0,0.28066632491554605,0.33293616680265176
637.0,0.3017271738751459,0.35709315269355124
638.0,0.3209562125026801,0.37832252404769934
639.0,0.3431999024531275,0.40292100740204034
640.0,0.3597086295872819,0.42133774944803837
641.0,0.38686510920070377,0.45134262740082104
642.0,0.4103057375170597,0.47760333010640715
643.0,0.431911274242044,0.5013299510302389
644.0,0.47626652863671737,0.5490935796787969
645.0,0.5235371831957812,0.5908862754593025
646.0,0.5887716582603065,0.6495807805765943
647.0,0.653100585455969,0.7057477875501541
648.0,0.7030611781374376,0.7510304564374398
649.0,0.7611102562397738,0.8071546719481778
650.0,0.7890463187574486,0.8311936311101834
651.0,0.8189561471609428,0.8547985027109891
652.0,0.8279349948333768,0.862852984961004
653.0,0.8361783645971221,0.8692355934053205
654.0,0.8512651585181844,0.8817903232933314
655.0,0.8558778332830554,0.8861208662612552
656.0,0.8684151009380014,0.8954848527017802
657.0,0.8830373758911083,0.908697983241277
658.0,0.8880378685255904,0.9129652472912211
659.0,0.8889010188239282,0.9133947843726837
660.0,0.8785450082737668,0.9050204982267683
661.0,0.8638528671262095,0.892125997218457
662.0,0.848122320236157,0.878978715919332
663.0,0.8419608709542052,0.8743823154328703
664.0,0.8289116717596618,0.8634321172062298
665.0,0.8207607044758064,0.8562462893590431
666.0,0.8152145418307787,0.8517600740167738
667.0,0.8065083029224623,0.8441327040795139
668.0,0.7990181965966036,0.8376345146579381
669.0,0.8048205956683765,0.8430475187517059
670.0,0.7992446344152048,0.8376345146579381
671.0,0.7962817664785857,0.8370957985892258
672.0,0.7929606637814068,0.8344598878479557
673.0,0.7912572646352147,0.8330947894080213
674.0,0.7940688347010394,0.8351975281906829
675.0,0.7989656398500631,0.8376345146579381
676.0,0.7850559551023368,0.8274150893704486
677.0,0.7818489231529647,0.8244586845175993
678.0,0.7733698729525804,0.8176193863019291
679.0,0.7695989630592521,0.8144723804099722
680.0,0.7522963429997733,0.798633436590339
681.0,0.7455473308717366,0.7922888992839026
682.0,0.7421561328391422,0.7894294111994286
683.0,0.7387728837309822,0.7863119795185493
684.0,0.7225361279103065,0.7710310085036622
685.0,0.6855977621069388,0.7350554156201419
686.0,0.654374107956819,0.7067516036963855
687.0,0.5829909180798307,0.6448444108960959
688.0,0.46972569630623695,0.542153856569551
689.0,0.3168031165764952,0.3736418585959699
690.0,0.22352227365918795,0.2696730489852909
691.0,0.1345820700225145,0.16841234021731374
692.0,0.07509443193576572,0.09943103931585247
693.0,0.03305392898558685,0.054452697469428615
694.0,0.012508585050372573,0.027388642024682684
695.0,0.006469958836451471,0.022079171481531528
696.0,0.003406014652601797,0.01786633261505444
697.0,0.0009499167846802472,0.009889742768422269
698.0,0.0001004066233340681,0.0017777829555778598
699.0,7.324897367265128e-07,2.209318308861879e-05
700.0,4.1926501689292136e-09,1.8693751079290908e-07
701.0,7.504675079511679e-11,4.6642692691146826e-09
702.0,8.576442610841678e-12,5.496963685886338e-10
703.0,1.368955658503734e-12,9.359093518637193e-11
704.0,1.3400717449633204e-13,9.477541892826795e-12
705.0,1.1761433368327374e-14,8.934333273496091e-13
706.0,8.623830814036742e-16,7.074990799835743e-14
707.0,1.5383561737737917e-16,1.3146535468375194e-14
708.0,3.105560683810897e-17,2.8859844448538363e-15
709.0,6.045190595087025e-18,5.904136147868327e-16
710.0,2.4008418364940573e-18,2.4620633033246556e-16
711.0,7.580315285007442e-19,8.637348138639037e-17
712.0,1.8333946867420241e-19,2.2119367661811127e-17
713.0,1.2895105073176397e-19,1.6529912815677995e-17
714.0,9.339552402697103e-20,1.3682444269951255e-17
715.0,5.177794322400529e-20,8.16896627326422e-18
716.0,3.4832318763956e-20,6.4946441622612504e-18
717.0,2.541639055706756e-20,5.212901703254557e-18
718.0,1.5965240589786896e-20,4.093088556206616e-18
719.0,1.243644745265135e-20,3.643879103626845e-18
720.0,8.792562953920645e-21,3.0055911030818737e-18
721.0,5.839945694371465e-21,2.9944321547889685e-18
722.0,4.748178575025739e-21,2.9944321547889685e-18
723.0,4.8604832528239345e-21,2.9944321547889685e-18
724.0,4.909522702478716e-21,2.9944321547889685e-18
725.0,8.372026447003506e-21,3.0055911030818737e-18
726.0,1.8144617183931626e-20,4.134956649360418e-18
727.0,4.221376326897696e-20,7.215035705389313e-18
728.0,1.2075275859564e-19,1.6510927191977176e-17
729.0,9.774082877743958e-19,1.0550865253817294e-16
730.0,3.236355057612786e-17,2.8859844448538363e-15
731.0,1.8753156690896867e-15,1.479335552808826e-13
732.0,1.1081289464835233e-13,8.117044532991808e-12
733.0,2.011212718044947e-12,1.3306442853903827e-10
734.0,1.3302119094128294e-10,8.02430772413445e-09
735.0,2.573239588029828e-08,9.717410557516421e-07
736.0,1.3063857078827725e-06,3.797147549704115e-05
737.0,4.697232919591192e-05,0.0010035442414668267
738.0,0.0004886710270875278,0.005477907142111446
739.0,0.0029335990675254955,0.016217821260093777
740.0,0.012025372090386078,0.02734329822733813
741.0,0.031076441521127002,0.052162800234894786
742.0,0.08864553468663686,0.11370355950112082
743.0,0.15911172025677553,0.19658923990761845
744.0,0.20447930722350424,0.24830494915062595
745.0,0.23351088298572006,0.2802403867780643
746.0,0.22512268936770527,0.2712847449431043
747.0,0.2247266312315741,0.2709666788100873
748.0,0.20739693745270177,0.25155004063600905
749.0,0.19248263207115415,0.23451765274925224
750.0,0.16372281519603002,0.20204301682735112
751.0,0.13449221158902677,0.16840264100677282
752.0,0.11023912328352538,0.1393101921469566
753.0,0.0862086586177845,0.11092469186014807
754.0,0.07060682690842383,0.09483601963927785
755.0,0.05863649751717359,0.08098549253045323
756.0,0.050769030303419914,0.07236086251029482
757.0,0.044090154193090605,0.0650099973041185
758.0,0.03889505505821088,0.060572329479415724
759.0,0.034743436134868896,0.05606513572983172
760.0,0.03156901883192474,0.05281244504427215
761.0,0.027666824594937345,0.04804797395784632
762.0,0.0258722247333373,0.04610142469220719
763.0,0.02529477198940459,0.04542870170776604
764.0,0.022645766750794896,0.04250802919087691
765.0,0.01996864614223576,0.03866854377243038
766.0,0.019708661031444575,0.03825308431469023
767.0,0.018436420831186347,0.03628896269171132
768.0,0.017605512928954997,0.03502318818359525
769.0,0.015900347003812997,0.03228872446021827
770.0,0.015164848967836219,0.03122801730224105
771.0,0.014435516666308037,0.02990630776019978
772.0,0.014215526464754564,0.02957002513104626
773.0,0.013774257138636774,0.028827552440146963
774.0,0.013450888334850385,0.028295150743362193
775.0,0.013344524532498623,0.02815804507834843
776.0,0.012501371808076893,0.027388642024682684
777.0,0.012214373318354389,0.02734329822733813
778.0,0.012022086785448156,0.02734329822733813
779.0,0.011449287698138707,0.02734329822733813
780.0,0.011646311640990472,0.02734329822733813
781.0,0.011458328713699575,0.02734329822733813
782.0,0.011264484931114241,0.02713844684159627
783.0,0.01107997367994832,0.02713844684159627
784.0,0.011075153253887835,0.02713844684159627
785.0,0.011075153253887835,0.02713844684159627
786.0,0.010898153839455608,0.02713844684159627
787.0,0.010815423085801166,0.02705174725485145
788.0,0.011002708296447505,0.02713844684159627
789.0,0.011188819834532553,0.02713844684159627
790.0,0.011005380910894183,0.02713844684159627
791.0,0.011097367053029073,0.02713844684159627
792.0,0.011279542265692425,0.02713844684159627
793.0,0.011757924768377294,0.02734329822733813
794.0,0.012047662833444378,0.02734329822733813
795.0,0.012047662833444378,0.02734329822733813
796.0,0.011851762363442538,0.02734329822733813
797.0,0.011857160788411515,0.02734329822733813
798.0,0.011955842876126709,0.02734329822733813
799.0,0.011762209119143186,0.02734329822733813
800.0,0.011666128720397337,0.02734329822733813
801.0,0.011194256138499498,0.02713844684159627
802.0,0.011193633094707004,0.02713844684159627
803.0,0.011286735814666805,0.02713844684159627
804.0,0.011286050517155059,0.02713844684159627
805.0,0.011474922455324565,0.02734329822733813
806.0,0.011474341849342491,0.02734329822733813
807.0,0.011665302335918034,0.02734329822733813
808.0,0.012153832694692113,0.02734329822733813
809.0,0.01225423976934633,0.02734329822733813
810.0,0.012253371725303133,0.02734329822733813
811.0,0.012652702735226236,0.027468555469967307
812.0,0.012962784398845769,0.027665630387130772
813.0,0.012957079279979826,0.027665630387130772
814.0,0.012855205708122394,0.02762237827610325
815.0,0.013065708831311544,0.027798515366203296
816.0,0.013173049330980553,0.02793480654062816
817.0,0.01286171197156441,0.02762237827610325
818.0,0.012351163381297027,0.02734329822733813
819.0,0.012150881183144687,0.02734329822733813
820.0,0.011947134699772268,0.02734329822733813
821.0,0.011745556519164969,0.02734329822733813
822.0,0.011551996258380392,0.02734329822733813
823.0,0.011173035557143272,0.02713844684159627
824.0,0.011163089906080349,0.02713844684159627
825.0,0.010709233954711411,0.02691744956018763
826.0,0.010271855124981626,0.026268796585208618
827.0,0.009530196398855495,0.025091698092493734
828.0,0.009212431423482522,0.024474995919122607
829.0,0.0090559405855203,0.024311170341494943
830.0,0.009053558142574445,0.024311170341494943
831.0,0.008526143942220477,0.023759274102653143
832.0,0.00831920153809617,0.023759274102653143
833.0,0.008103411227385083,0.023438809569213473
834.0,0.008033274177339223,0.023438809569213473
835.0,0.007376000231559633,0.022947592410866705
836.0,0.006770310927446741,0.022181961201586685
837.0,0.0064790334556369105,0.022079171481531528
838.0,0.00636662253572038,0.022079171481531528
839.0,0.006028102073754977,0.022079171481531528
840.0,0.005415407625009141,0.022079171481531528
841.0,0.005312088539294505,0.022079171481531528
842.0,0.005108378835480411,0.021896066613490382
843.0,0.005137566678137463,0.021896066613490382
844.0,0.005132006625938579,0.021896066613490382
845.0,0.005070164156612702,0.02189243512676348
846.0,0.005114120300854562,0.021896066613490382
847.0,0.005020383734524839,0.02181526915150518
848.0,0.0048435690424108845,0.02140184741339902
849.0,0.005017234789373794,0.02181526915150518
850.0,0.005090987001386506,0.021896066613490382
851.0,0.005000760506180029,0.02181526915150518
852.0,0.004873068133621328,0.02140184741339902
853.0,0.004869789818220171,0.02140184741339902
854.0,0.004586031043165776,0.020892866819820777
855.0,0.004577129012233703,0.020892866819820777
856.0,0.004577129012233703,0.020892866819820777
857.0,0.004567828211916753,0.020892866819820777
858.0,0.0046043763054895125,0.020892866819820777
859.0,0.004564639759315875,0.020892866819820777
860.0,0.004561407371481545,0.020892866819820777
861.0,0.004601092497588418,0.020892866819820777
862.0,0.0044829249365704055,0.020892866819820777
863.0,0.00451552523477301,0.020892866819820777
864.0,0.004444124100502071,0.020892866819820777
865.0,0.0044797504139815324,0.020892866819820777
866.0,0.004396261808468132,0.020892866819820777
867.0,0.004408647267851207,0.020892866819820777
868.0,0.00449519061059898,0.020892866819820777
869.0,0.0043818930293544845,0.020892866819820777
870.0,0.004506760063989174,0.020892866819820777
871.0,0.004554603759757816,0.020892866819820777
872.0,0.004520234407168427,0.020892866819820777
873.0,0.004559953543830161,0.020892866819820777
874.0,0.004810425575696303,0.02140184741339902
875.0,0.004858050379460829,0.02140184741339902
876.0,0.004897589648786425,0.021457301254897365
877.0,0.005173697066534111,0.021924075792275746
878.0,0.005260731333738689,0.022079171481531528
879.0,0.005342251099520381,0.022079171481531528
880.0,0.005441446621961448,0.022079171481531528
881.0,0.005634353572366832,0.022079171481531528
882.0,0.005682625895838011,0.022079171481531528
883.0,0.005615995036270272,0.022079171481531528
884.0,0.0055720936526523525,0.022079171481531528
885.0,0.005671595244055997,0.022079171481531528
886.0,0.0058180036626117905,0.022079171481531528
887.0,0.005875425445164434,0.022079171481531528
888.0,0.005720041919246192,0.022079171481531528
889.0,0.00572757202367231,0.022079171481531528
890.0,0.005693159453784048,0.022079171481531528
891.0,0.005748825447574398,0.022079171481531528
892.0,0.005851216495627563,0.022079171481531528
893.0,0.006050011475867187,0.022079171481531528
894.0,0.005983733751449839,0.022079171481531528
895.0,0.006038542669084377,0.022079171481531528
896.0,0.005995189466100924,0.022079171481531528
897.0,0.00594450262648306,0.022079171481531528
898.0,0.005894184674683254,0.022079171481531528
899.0,0.005837022559452003,0.022079171481531528
900.0,0.005627173802607936,0.022079171481531528
901.0,0.005575760115921616,0.022079171481531528
902.0,0.00573487989256884,0.022079171481531528
903.0,0.005840656471152435,0.022079171481531528
904.0,0.006042424334899304,0.022079171481531528
905.0,0.006334489366991807,0.022079171481531528
906.0,0.0063844944243065084,0.022079171481531528
907.0,0.0064891385908929814,0.022079171481531528
908.0,0.006485101209689753,0.022079171481531528
909.0,0.006319251000979701,0.022079171481531528
910.0,0.006213352413843237,0.022079171481531528
911.0,0.006164687786243626,0.022079171481531528
912.0,0.006116218625054158,0.022079171481531528
913.0,0.00591479922752805,0.022079171481531528
914.0,0.005870789532353104,0.022079171481531528
915.0,0.006029566330759188,0.022079171481531528
916.0,0.006345267979367749,0.022079171481531528
917.0,0.006512031657655461,0.022079171481531528
918.0,0.006686425300198041,0.022144322789470077
919.0,0.006750368432429217,0.022181961201586685
920.0,0.006922943037171499,0.022429171048533432
921.0,0.006865002917593803,0.022313979372400778
922.0,0.006750368432429217,0.022181961201586685
923.0,0.0067467147026176255,0.022181961201586685
924.0,0.006861217705659473,0.022313979372400778
925.0,0.006861217705659473,0.022313979372400778
926.0,0.007040080698313697,0.022640230200094525
927.0,0.007422725327002097,0.022962307157890348
928.0,0.007674019154561219,0.023146196008830968
929.0,0.007867220963045535,0.023317442478621952
930.0,0.007838611762472794,0.023299989456277828
931.0,0.008089891684195504,0.023438809569213473
932.0,0.007947481296305894,0.023333180123973618
933.0,0.007952911978099704,0.023333180123973618
934.0,0.007963542704427857,0.023333180123973618
935.0,0.0077642423422320085,0.023247388385281533
936.0,0.008039699072189821,0.023438809569213473
937.0,0.008492302051940123,0.023759274102653143
938.0,0.008567183694786054,0.02380934113550975
939.0,0.008497202076776534,0.023759274102653143
940.0,0.008637654258442772,0.023940309302792062
941.0,0.008487318962204749,0.023759274102653143
942.0,0.008471872811403358,0.023759274102653143
943.0,0.00838686839288506,0.023759274102653143
944.0,0.008450124385432696,0.023759274102653143
945.0,0.008723831993494566,0.024081533537896844
946.0,0.008957050230295787,0.024263002167534187
947.0,0.009282477636859665,0.02459736645116172
948.0,0.009623574556787303,0.025175958438738214
949.0,0.009926045654595664,0.025802686486154254
950.0,0.010012454833035894,0.025896021264258034
951.0,0.00997907360806041,0.025894196186905784
952.0,0.010220839172272992,0.026236472017937305
953.0,0.010264529312151034,0.026268796585208618
954.0,0.010055406847529503,0.025974356982724194
955.0,0.01045136688767703,0.026496605051453136
956.0,0.010634876761654753,0.026796231250803312
957.0,0.010906318159264477,0.02713844684159627
958.0,0.011585655129826743,0.02734329822733813
959.0,0.011676286223020523,0.02734329822733813
960.0,0.011795585181678135,0.02734329822733813
961.0,0.011932997438934683,0.02734329822733813
962.0,0.012129504149282558,0.02734329822733813
963.0,0.012540271268897897,0.027420145386470775
964.0,0.012452066508421632,0.027388642024682684
965.0,0.012061081518701956,0.02734329822733813
966.0,0.01257560060714489,0.02746811165628772
967.0,0.012953932703086314,0.027665630387130772
968.0,0.012816107488716177,0.02762237827610325
969.0,0.012609817133328989,0.027468555469967307
970.0,0.012291748283261258,0.02734329822733813
971.0,0.01215826130632552,0.02734329822733813
972.0,0.012512509788945721,0.027388642024682684
973.0,0.012656160370121456,0.027468555469967307
974.0,0.01288998733437833,0.027654146467374425
975.0,0.012682507795798732,0.027486097681073917
976.0,0.012715921351136495,0.0275109226700221
977.0,0.012691045589457339,0.027486097681073917
978.0,0.012477989054222626,0.027388642024682684
979.0,0.012486389167003448,0.027388642024682684
980.0,0.011958747011866697,0.02734329822733813
981.0,0.012172542257230334,0.02734329822733813
982.0,0.012413377844801725,0.027388642024682684
983.0,0.012847402536331659,0.02762237827610325
984.0,0.012632743776976763,0.027468555469967307
985.0,0.012300832127417876,0.02734329822733813
986.0,0.012085823192585238,0.02734329822733813
987.0,0.011279542265692425,0.02713844684159627
988.0,0.01109528963567035,0.02713844684159627
989.0,0.011271383712739972,0.02713844684159627
990.0,0.011680836342471577,0.02734329822733813
991.0,0.012085823192585238,0.02734329822733813
992.0,0.01210173347995735,0.02734329822733813
993.0,0.012022330110586787,0.02734329822733813
994.0,0.012007131750340771,0.02734329822733813
995.0,0.011967100332177563,0.02734329822733813
996.0,0.01223329987504223,0.02734329822733813
997.0,0.012129504149282558,0.02734329822733813
998.0,0.012164168632133623,0.02734329822733813
999.0,0.011920686297393894,0.02734329822733813
1000.0,0.011862561672338347,0.02734329822733813
1001.0,0.011054941542221515,0.02713844684159627
1002.0,0.010444970006895923,0.026496605051453136
1003.0,0.009775371113798646,0.025443256541118047
1004.0,0.010158967378420994,0.026156982465674404
1005.0,0.01031826909033673,0.026271422398613953
1006.0,0.010629228053568326,0.026796231250803312
1007.0,0.01032411821222957,0.026271422398613953
1008.0,0.01055847114433519,0.026669241769743196
1009.0,0.01032411821222957,0.026271422398613953
1010.0,0.01026910083757031,0.026268796585208618
1011.0,0.009617684335939144,0.025175958438738214
1012.0,0.009206140673157871,0.024474995919122607
1013.0,0.009392656930987333,0.024761361652255814
1014.0,0.008947130239803647,0.024263002167534187
1015.0,0.008965620159369707,0.024263002167534187
1016.0,0.008113873619766732,0.023438809569213473
1017.0,0.007776351975492339,0.02324766460787071
1018.0,0.007586302919570703,0.023076796244714627
1019.0,0.00764549354050992,0.023126393940241165
1020.0,0.007193551260971466,0.022732768742013645
1021.0,0.006828695633214827,0.02230199799955989
1022.0,0.007066597785040577,0.022681677710670145
1023.0,0.007123355284236334,0.022732768742013645
1024.0,0.007574029337199871,0.023076796244714627
1025.0,0.007832783518564682,0.023299989456277828
1026.0,0.008156147325211908,0.023506590753808926
1027.0,0.008104313333167341,0.023438809569213473
1028.0,0.007656178198646392,0.023126393940241165
1029.0,0.0075884144436396085,0.023076796244714627
1030.0,0.00739281421823945,0.022947592410866705
1031.0,0.007618847085650654,0.023108261670077786
1032.0,0.007929887271587267,0.023333180123973618
1033.0,0.007950980643998424,0.023333180123973618
1034.0,0.008105666680143595,0.023438809569213473
1035.0,0.00838928763897695,0.023759274102653143
1036.0,0.008537584111972387,0.023759274102653143
1037.0,0.008530977161315878,0.023759274102653143
1038.0,0.00882050454207722,0.024176575987889217
1039.0,0.008744780317314035,0.02410691455754178
1040.0,0.008432953595762528,0.023759274102653143
1041.0,0.008353494777524367,0.023759274102653143
1042.0,0.00826708422127701,0.023714391241733072
1043.0,0.007791870407698216,0.02324766460787071
1044.0,0.007723648162595062,0.023193561319886487
1045.0,0.007531799593322721,0.023065751571624157
1046.0,0.007221121389379829,0.022732768742013645
1047.0,0.007295823882017849,0.02279914316506358
1048.0,0.007352524875948287,0.0229179764750303
1049.0,0.007223898828061265,0.022732768742013645
1050.0,0.007212357539099769,0.022732768742013645
1051.0,0.0071517419109110155,0.022732768742013645
1052.0,0.007097235684593075,0.022708939764587203
1053.0,0.007226604202726912,0.022732768742013645
1054.0,0.00669404199389149,0.022144322789470077
1055.0,0.0067670915201488956,0.022181961201586685
1056.0,0.006933249363612967,0.022429171048533432
1057.0,0.007042645961804148,0.022640230200094525
1058.0,0.007534887154065424,0.023065751571624157
1059.0,0.007867061734957985,0.023317442478621952
1060.0,0.008290542630930382,0.023748467787762868
1061.0,0.008859598374972629,0.024228048356091818
1062.0,0.009006952128404612,0.024263002167534187
1063.0,0.008714302573431988,0.024081533537896844
1064.0,0.008496858123161736,0.023759274102653143
1065.0,0.008350156278658044,0.023759274102653143
1066.0,0.008070022143426617,0.023438809569213473
1067.0,0.0077983389810897365,0.02324766460787071
1068.0,0.007723648162595062,0.023193561319886487
1069.0,0.007709747864313512,0.023193561319886487
1070.0,0.00775894049434953,0.023247388385281533
1071.0,0.00817172072523928,0.023506590753808926
1072.0,0.00851596862120214,0.023759274102653143
1073.0,0.008790296601397195,0.024176575987889217
1074.0,0.009387193031708157,0.024761361652255814
1075.0,0.01018722710758905,0.02618296089932975
1076.0,0.011038675852707028,0.02713844684159627
1077.0,0.012052601612064942,0.02734329822733813
1078.0,0.013175115780535698,0.02793480654062816
1079.0,0.013153267831208954,0.02793480654062816
1080.0,0.013423148386137883,0.02826664597034444
1081.0,0.01529856639772468,0.0314087684501835
1082.0,0.01678349468848735,0.03384753943568098
1083.0,0.01728299688040131,0.034481932491929074
1084.0,0.01796001917173844,0.035521696548925306
1085.0,0.018832417507246804,0.03692666186172389
1086.0,0.02013116929786696,0.03887855765529674
1087.0,0.02187762345524856,0.041508793438219053
1088.0,0.022275732813177303,0.04203084452605947
1089.0,0.02315313700163968,0.04302498207599636
1090.0,0.022915490521550896,0.04280480060082048
1091.0,0.023341932785894075,0.04324688721216689
1092.0,0.023665647087552494,0.04361072181245786
1093.0,0.02488661540871157,0.04497132000287879
1094.0,0.0272202548279154,0.04758414156890259
1095.0,0.027807452394267695,0.04819909226754422
1096.0,0.02885583522463805,0.049524990515938165
1097.0,0.028491096110161377,0.04902285077344042
1098.0,0.02662847449166716,0.04678923972652674
1099.0,0.027316285310596367,0.04764090235717105
1100.0,0.02823892543092808,0.04879362768225231
1101.0,0.029070531576377467,0.04960371070145606
1102.0,0.03015585149098838,0.051031065518165976
1103.0,0.03234923216607208,0.05367983428205003
1104.0,0.03297841842045309,0.05441571695925124
1105.0,0.033878897147197495,0.05519111838673715
1106.0,0.03276767316478041,0.05415511495645819
1107.0,0.03181436394635435,0.053092970263606806
1108.0,0.03160881825548533,0.0528359301075798
1109.0,0.031078957526592604,0.052162800234894786
1110.0,0.02991739207121711,0.05066934032870875
1111.0,0.029842100085740744,0.0505835927899622
1112.0,0.02922036414301451,0.049777804850552124
1113.0,0.028463430377320343,0.04902285077344042
1114.0,0.02716906670646429,0.0475458667363125
1115.0,0.026450142697219566,0.04664595242648094
1116.0,0.025603430241065286,0.04578259409278544
1117.0,0.023558359086160417,0.043490724109554464
1118.0,0.020638828886224512,0.0395609701361182
1119.0,0.018126727830421834,0.0357824049857509
1120.0,0.01778314231681979,0.03530805894656088
1121.0,0.017823860313332246,0.03535467843582634
1122.0,0.017423132794458146,0.034694024622751125
1123.0,0.017011002884241972,0.03410514850007848
1124.0,0.017011002884241972,0.03410514850007848
1125.0,0.016066543185240763,0.03252959533359211
1126.0,0.01545401474058845,0.03160169989452374
1127.0,0.014834257720613446,0.03060871487422352
1128.0,0.014434055892114713,0.02990630776019978
1129.0,0.01367654241672375,0.02866374206267938
1130.0,0.01285403493028434,0.02762237827610325
1131.0,0.012222286744264184,0.02734329822733813
1132.0,0.011757924768377294,0.02734329822733813
1133.0,0.010950555618649629,0.02713844684159627
1134.0,0.011174562094180633,0.02713844684159627
1135.0,0.011126322874546445,0.02713844684159627
1136.0,0.01184816477899887,0.02734329822733813
1137.0,0.011974550600781871,0.02734329822733813
1138.0,0.01235847755082518,0.02734329822733813
1139.0,0.012427958452596434,0.027388642024682684
1140.0,0.01235847755082518,0.02734329822733813
1141.0,0.012986615634587126,0.02768768052654698
1142.0,0.012947838384689842,0.027665630387130772
1143.0,0.013197868131579076,0.02793480654062816
1144.0,0.012333739364127946,0.02734329822733813
1145.0,0.011792243318044411,0.02734329822733813
1146.0,0.01221523859970209,0.02734329822733813
1147.0,0.011851582458279728,0.02734329822733813
1148.0,0.011149147017775663,0.02713844684159627
1149.0,0.011046274706023696,0.02713844684159627
1150.0,0.011020259182152032,0.02713844684159627
1151.0,0.010407460741515103,0.026450683991136897
1152.0,0.009740956478940098,0.025415715993232585
1153.0,0.009350217336688935,0.0247130099968415
1154.0,0.008880603096903316,0.02424297025137704
1155.0,0.009006131827261784,0.024263002167534187
1156.0,0.009100405317186843,0.02436572305523142
1157.0,0.008632935327225432,0.023940309302792062
1158.0,0.00841185838453342,0.023759274102653143
1159.0,0.007953676594109626,0.023333180123973618
1160.0,0.00730328476813592,0.02279914316506358
1161.0,0.00658602689526215,0.022079171481531528
1162.0,0.006005816163378158,0.022079171481531528
1163.0,0.005637176701905242,0.022079171481531528
1164.0,0.005331476488472707,0.022079171481531528
1165.0,0.005167836418327913,0.021924075792275746
1166.0,0.0050353937133943705,0.021834233628270305
1167.0,0.0047525785067187186,0.021282835190567884
1168.0,0.004719365109984655,0.02118034538419809
1169.0,0.004772097047236119,0.021323684191462484
1170.0,0.0046873798633632995,0.021082930043329225
1171.0,0.004484172685836817,0.020892866819820777
1172.0,0.0045273760995357595,0.020892866819820777
1173.0,0.0043773501297061,0.020892866819820777
1174.0,0.0042427805637173435,0.02062071785825657
1175.0,0.004116595013735941,0.020150683468191922
1176.0,0.004096232535730368,0.02014717729204553
1177.0,0.004096232535730368,0.02014717729204553
1178.0,0.003983626626430342,0.019817659832048393
1179.0,0.004032603907052895,0.019977948341462527
1180.0,0.003931303593242856,0.019714189901567473
1181.0,0.003789507760961979,0.01909651208288211
1182.0,0.0036614865572711453,0.01858838843802752
1183.0,0.003563950255338852,0.018183238740547225
1184.0,0.003441876774284669,0.017916977827558012
1185.0,0.003438360623475732,0.017916977827558012
1186.0,0.0033627072325993906,0.017798678067825414
1187.0,0.0035234272162057417,0.01806637305109494
1188.0,0.0034187918113686086,0.017887607155910756
1189.0,0.0034960961366020315,0.017971160842533248
1190.0,0.003472102852759571,0.01792493034129939
1191.0,0.003264463089304644,0.017512307548542813
1192.0,0.0031732129799605085,0.0171721895036913
1193.0,0.003084295049738608,0.01678540613783318
1194.0,0.0029865740243426044,0.01642215368344955
1195.0,0.002876668895124322,0.016013579450223803
1196.0,0.0027028452866441313,0.01597506081037875
1197.0,0.002751500139715448,0.01597506081037875
1198.0,0.0027899836047899,0.01597506081037875
1199.0,0.0027782207230264253,0.01597506081037875
1200.0,0.002716267456451468,0.01597506081037875
1201.0,0.002650165208091121,0.01597506081037875
1202.0,0.002650165208091121,0.01597506081037875
1203.0,0.002628330960567707,0.01597506081037875
1204.0,0.002520170308621798,0.01597506081037875
1205.0,0.002538805538538487,0.01597506081037875
1206.0,0.002421907843659236,0.015935587625200944
1207.0,0.0024931547468569275,0.015935587625200944
1208.0,0.0024502829458487203,0.015935587625200944
1209.0,0.0024543280975386325,0.015935587625200944
1210.0,0.0024300586054072973,0.015935587625200944
1211.0,0.0024582804159137854,0.015935587625200944
1212.0,0.0026198332927132198,0.01597506081037875
1213.0,0.0027068279783025216,0.01597506081037875
1214.0,0.002780752233771294,0.01597506081037875
1215.0,0.0028667445218962923,0.016013579450223803
1216.0,0.0028411700978484555,0.01597506081037875
1217.0,0.002800619859882838,0.01597506081037875
1218.0,0.002755917063288227,0.01597506081037875
1219.0,0.002677770847352372,0.01597506081037875
1220.0,0.002783257885017626,0.01597506081037875
1221.0,0.00276324775828543,0.01597506081037875
1222.0,0.0028310100548058536,0.01597506081037875
1223.0,0.0028310100548058536,0.01597506081037875
1224.0,0.00276517791815923,0.01597506081037875
1225.0,0.0027899836047899,0.01597506081037875
1226.0,0.0028094338183199986,0.01597506081037875
1227.0,0.0028569700330259118,0.016009960485617883
1228.0,0.0028288192308565663,0.01597506081037875
1229.0,0.0027892072742959455,0.01597506081037875
1230.0,0.0028316977217117912,0.01597506081037875
1231.0,0.0028204296313883138,0.01597506081037875
1232.0,0.0028429532890240096,0.01597506081037875
1233.0,0.0028429532890240096,0.01597506081037875
1234.0,0.00276517791815923,0.01597506081037875
1235.0,0.00264960206491434,0.01597506081037875
1236.0,0.0026945702318920926,0.01597506081037875
1237.0,0.0026622613657319304,0.01597506081037875
1238.0,0.002594622931528102,0.01597506081037875
1239.0,0.00251075159641897,0.01597506081037875
1240.0,0.002493079057184066,0.015935587625200944
1241.0,0.002473026985228144,0.015935587625200944
1242.0,0.0023656368242423753,0.015935587625200944
1243.0,0.0023442125338005507,0.015920463267632218
1244.0,0.0023442125338005507,0.015920463267632218
1245.0,0.0023740786660918344,0.015935587625200944
1246.0,0.002329137796397759,0.015920463267632218
1247.0,0.0023331482219747877,0.015920463267632218
1248.0,0.0022869561977419376,0.015846443113407816
1249.0,0.002329137796397759,0.015920463267632218
1250.0,0.0022602094205668756,0.015714201768076818
1251.0,0.0021551796528079285,0.015137922835305006
1252.0,0.002114061567762728,0.01497756559817268
1253.0,0.002117744526314031,0.01497756559817268
1254.0,0.001976623558219627,0.014582931359382932
1255.0,0.002000176373014539,0.014599152103390819
1256.0,0.002056424358197976,0.014851149150225522
1257.0,0.0020718296224181833,0.014857771173355572
1258.0,0.001993225429681522,0.014599152103390819
1259.0,0.0019677422039963946,0.014582931359382932
1260.0,0.0018545936535786511,0.014088042901814124
1261.0,0.0018187961872439826,0.013867475762220848
1262.0,0.0017296162923782655,0.013586671607971473
1263.0,0.0016960509170674445,0.013586671607971473
1264.0,0.001699246376862514,0.013586671607971473
1265.0,0.001721478908840468,0.013586671607971473
1266.0,0.0017735650579870743,0.013623902374275241
1267.0,0.001770373161773166,0.013623902374275241
1268.0,0.0017245302945116364,0.013586671607971473
1269.0,0.00171139563315296,0.013586671607971473
1270.0,0.0017260318141168204,0.013586671607971473
1271.0,0.0016752483784535925,0.013586671607971473
1272.0,0.0016708040665491745,0.013586671607971473
1273.0,0.0016677633546722638,0.013586671607971473
1274.0,0.00166308642883297,0.013586671607971473
1275.0,0.001646041303356179,0.013586671607971473
1276.0,0.0017135705501615053,0.013586671607971473
1277.0,0.0017312536350863462,0.013586671607971473
1278.0,0.0017296162923782655,0.013586671607971473
1279.0,0.001646041303356179,0.013586671607971473
1280.0,0.0016770803260331135,0.013586671607971473
1281.0,0.001637982142017834,0.013586671607971473
1282.0,0.0015649676928186666,0.013586671607971473
1283.0,0.0015152078120950635,0.013586671607971473
1284.0,0.0015615980045309693,0.013586671607971473
1285.0,0.0016529018506444195,0.013586671607971473
1286.0,0.001693589709649392,0.013586671607971473
1287.0,0.0017210086046271422,0.013586671607971473
1288.0,0.0016469577285407387,0.013586671607971473
1289.0,0.0016844281713111894,0.013586671607971473
1290.0,0.0017176853050993655,0.013586671607971473
1291.0,0.0016795515343772255,0.013586671607971473
1292.0,0.0016774876974718414,0.013586671607971473
1293.0,0.0017422206888817638,0.013586671607971473
1294.0,0.001740044625742296,0.013586671607971473
1295.0,0.0019477618789838478,0.014582931359382932
1296.0,0.0020638254222915126,0.014852301547789094
1297.0,0.002194286646275892,0.015307761603781818
1298.0,0.0024351544336679957,0.015935587625200944
1299.0,0.0026335094115370193,0.01597506081037875
1300.0,0.002790025956303574,0.01597506081037875
1301.0,0.003047066546778188,0.01666542263317884
1302.0,0.003367082930432111,0.017798678067825414
1303.0,0.003732078533126781,0.018853431210450806
1304.0,0.004233966349102666,0.02062071785825657
1305.0,0.004527880106063784,0.020892866819820777
1306.0,0.004815101187422106,0.02140184741339902
1307.0,0.00582224436159092,0.022079171481531528
1308.0,0.006609930653941843,0.022084221384423713
1309.0,0.00750589119464783,0.023065751571624157
1310.0,0.008327119051542615,0.023759274102653143
1311.0,0.009088532884105197,0.02436572305523142
1312.0,0.010009719452619944,0.025896021264258034
1313.0,0.011242846776832188,0.02713844684159627
1314.0,0.01233261607843135,0.02734329822733813
1315.0,0.013655452065306523,0.02866374206267938
1316.0,0.015574828039356154,0.03178504707335271
1317.0,0.017236361401057314,0.03445592322959898
1318.0,0.019190254711382186,0.03741370001240006
1319.0,0.02152711113672331,0.04091946704487443
1320.0,0.021906313237217045,0.04152481372415172
1321.0,0.023971037166571705,0.04401485875437652
1322.0,0.025247588017617065,0.04542870170776604
1323.0,0.026630630381597985,0.04678923972652674
1324.0,0.027912897798328135,0.04831169061972237
1325.0,0.028947966975944962,0.049524990515938165
1326.0,0.029004267704360456,0.04953185100886203
1327.0,0.030241267737191994,0.051133421375911606
1328.0,0.030759181303376397,0.051795632884421176
1329.0,0.028881690200849117,0.049524990515938165
1330.0,0.02897361129350242,0.049524990515938165
1331.0,0.02858293106086372,0.04909848543201967
1332.0,0.026938273055693594,0.04726295811567798
1333.0,0.02411336885053453,0.044164980628200595
1334.0,0.021977479562826165,0.04162124707604475
1335.0,0.020266897395303445,0.039103863177579835
1336.0,0.020412008038745665,0.03934683128521368
1337.0,0.01900914754388129,0.03713120153571479
1338.0,0.01795038889130985,0.035521696548925306
1339.0,0.01703503452603102,0.03411997637977502
1340.0,0.016810862170767063,0.033869428597488455
1341.0,0.015567894547962018,0.03178504707335271
1342.0,0.013529728105975705,0.028431836419422308
1343.0,0.011259698177570677,0.02713844684159627
1344.0,0.008828988500696744,0.024176575987889217
1345.0,0.007627641711673652,0.023108261670077786
1346.0,0.007217322414211446,0.022732768742013645
1347.0,0.0061663100232358095,0.022079171481531528
1348.0,0.005509796804945761,0.022079171481531528
1349.0,0.004906618375693254,0.021457301254897365
1350.0,0.0046733126900537015,0.02107843719575142
1351.0,0.004327140602010837,0.020892866819820777
1352.0,0.003976859699108064,0.019817659832048393
1353.0,0.0033404743986109762,0.01774951552215314
1354.0,0.002494063202188934,0.015935587625200944
1355.0,0.002425415206207596,0.015935587625200944
1356.0,0.002039100048458823,0.014778071375933026
1357.0,0.0018939684957468804,0.014334056770394288
1358.0,0.001985615326197602,0.014596763562836134
1359.0,0.001962035408629235,0.014582931359382932
1360.0,0.0024141997164762227,0.015935587625200944
1361.0,0.002931595846178204,0.016217821260093777
1362.0,0.0031495386038153514,0.01708916316514626
1363.0,0.0033390886813062636,0.01774951552215314
1364.0,0.0033242200654943106,0.01774951552215314
1365.0,0.0034783628843672145,0.01792493034129939
1366.0,0.0025973025398457862,0.01597506081037875
1367.0,0.0019720082452580638,0.014582931359382932
1368.0,0.001958563781165645,0.014582931359382932
1369.0,0.0015590715562804032,0.013586671607971473
1370.0,0.0015757422281810094,0.013586671607971473
1371.0,0.0011968462663986337,0.012212595484495511
1372.0,0.000854404474039054,0.009057757342313255
1373.0,0.00039972657749816896,0.0047369629440390795
1374.0,0.0002886006891731735,0.0036538272437912278
1375.0,0.000298626420479619,0.003735048006807105
1376.0,0.00037592280533636557,0.004508875285057812
1377.0,0.00030268056870508145,0.0037624111903886187
1378.0,8.530717918946135e-05,0.0016057767328211815
1379.0,5.874563191448634e-05,0.0011929434758080346
1380.0,6.279567270654991e-05,0.0012504264536032416
1381.0,4.111120352330759e-05,0.0008970114726202538
1382.0,2.453520944182683e-05,0.0005851362158742654
1383.0,2.3210670782822533e-05,0.0005735552503080604
1384.0,2.4352652596353052e-05,0.0005851362158742654
1385.0,2.2702728987605128e-05,0.0005678450872387575
1386.0,2.9810179710503034e-05,0.0006869739166993452
1387.0,3.0196847311032508e-05,0.000688152598165863
1388.0,2.5921952088314598e-05,0.0006041582242401505
1389.0,2.4304397361042507e-05,0.0005851362158742654
1390.0,2.1509308278960292e-05,0.0005446369293845378
1391.0,1.72483567975497e-05,0.000447802275845246
1392.0,1.8638977103780983e-05,0.00047785677549818496
1393.0,2.5855145333761528e-05,0.0006041582242401505
1394.0,3.149363216046069e-05,0.0007098180171549986
1395.0,4.0342160750215305e-05,0.0008896964698784042
1396.0,4.765678291157219e-05,0.0010076707397075728
1397.0,5.257404878465099e-05,0.0010891855965385775
1398.0,4.933280172507272e-05,0.0010324650646747363
1399.0,6.11191825387556e-05,0.0012289749351665463
1400.0,7.151777888180451e-05,0.0013969806141579148
1401.0,8.096566460044497e-05,0.001556647486545737
1402.0,8.533869521087703e-05,0.0016057767328211815
1403.0,0.00010298291910462173,0.0018052817699451208
1404.0,0.00013766035003084354,0.0021552776939943517
1405.0,0.00016407817215951802,0.0025113756052176973
1406.0,0.00019299022991325598,0.002847647205410705
1407.0,0.0002386840181496686,0.0033530200083902078
1408.0,0.0002772708571306756,0.0035727837103437196
1409.0,0.00031383472449582675,0.0038543414367720997
1410.0,0.00038866920916683957,0.004634654348844116
1411.0,0.00040909402599040637,0.004794581984607562
1412.0,0.00048052559674599586,0.0054753222162557645
1413.0,0.0005304634860075995,0.0059129380967477526
1414.0,0.0006025006862703543,0.006643703803981165
1415.0,0.0006345765556172022,0.0069229601892068175
1416.0,0.0006527784347705487,0.0070838548662137315
1417.0,0.000719029420775969,0.007721096031473887
1418.0,0.0008567552044898935,0.009057757342313255
1419.0,0.0009718678868006883,0.010067176948627332
1420.0,0.0010282541320669762,0.010544746124346843
1421.0,0.0012432644036744587,0.012399824892990357
1422.0,0.0014383057992664104,0.013195100732219498
1423.0,0.0016694097193718734,0.013586671607971473
1424.0,0.001783563335689896,0.01364958358768648
1425.0,0.002171225843137907,0.01519858090196535
1426.0,0.002401079263747318,0.015935587625200944
1427.0,0.0027793736808839867,0.01597506081037875
1428.0,0.0032139661147799975,0.017346959214246775
1429.0,0.0035373786060887806,0.01809267710994536
1430.0,0.004140157979482217,0.020217771466471492
1431.0,0.004862477028010669,0.02140184741339902
1432.0,0.005477828970817727,0.022079171481531528
1433.0,0.006388113605565011,0.022079171481531528
1434.0,0.006915520772441115,0.022429171048533432
1435.0,0.007406780193073505,0.022947592410866705
1436.0,0.008002967702621738,0.023415245018655044
1437.0,0.008812340857861846,0.024176575987889217
1438.0,0.009752398091991245,0.025415715993232585
1439.0,0.010516722199824297,0.026629379298567447
1440.0,0.010810827157527693,0.02705174725485145
1441.0,0.01131985090825094,0.027186199312438736
1442.0,0.011857160788411515,0.02734329822733813
1443.0,0.012112576695161522,0.02734329822733813
1444.0,0.012637346894155244,0.027468555469967307
1445.0,0.013423555911806672,0.02826664597034444
1446.0,0.01395800708070195,0.02906382997210122
1447.0,0.014274703230008378,0.02966303579001741
1448.0,0.015009802775067378,0.030939804514234365
1449.0,0.015341123217424445,0.031464643718937535
1450.0,0.015674838902265165,0.03192561528157483
1451.0,0.0163755538754953,0.033122545363551144
1452.0,0.017414671540333243,0.034694024622751125
1453.0,0.018118474945784484,0.0357824049857509
1454.0,0.018628276638264992,0.03663144332222579
1455.0,0.01911872784257553,0.0373097153236179
1456.0,0.019710855082391534,0.03825308431469023
1457.0,0.020528324905928756,0.039464580751081904
1458.0,0.02049210575472813,0.039464139814974084
1459.0,0.021337441414412336,0.04063425472698208
1460.0,0.022401649852195497,0.0422295807415928
1461.0,0.02245123874551984,0.042284197123104855
1462.0,0.02351905486671458,0.04345728065912757
1463.0,0.024117395564887695,0.044164980628200595
1464.0,0.025146230364024264,0.04532066649966061
1465.0,0.025939075619116087,0.04610142469220719
1466.0,0.02556653480532869,0.0457565121166921
1467.0,0.026370763864645406,0.04654598682133195
1468.0,0.028331667779230223,0.048912668868014465
1469.0,0.029269640492328552,0.049777804850552124
1470.0,0.030541438961836975,0.05147123361604571
1471.0,0.032050910493033054,0.05337638390172641
1472.0,0.03309409334006324,0.054475108700216456
1473.0,0.0334913127300429,0.054908619032228614
1474.0,0.03519516145441529,0.05665917655827869
1475.0,0.03696997559635591,0.05859769702328128
1476.0,0.03748022300105063,0.059177780889264696
1477.0,0.03882034083849463,0.06050436330231117
1478.0,0.041226713819971256,0.06252051550468532
1479.0,0.04178852153423596,0.06278993235656993
1480.0,0.04451269483498258,0.06548921793066757
1481.0,0.04595985198005787,0.06694861961015532
1482.0,0.04910232112750247,0.07047505992477786
1483.0,0.05201718234686651,0.07372995231058964
1484.0,0.05398677600358062,0.07594436048240319
1485.0,0.054387903940144276,0.07640382943920268
1486.0,0.056229187828734095,0.07850651071254842
1487.0,0.0575868043861325,0.07971970684151584
1488.0,0.0591819715748131,0.08165537174186534
1489.0,0.0625871082759301,0.08529312895277916
1490.0,0.06371698440448509,0.08658612280853702
1491.0,0.06418683623055507,0.08706825470163257
1492.0,0.06807151703049551,0.09179137503586213
1493.0,0.07164038117143141,0.09597284244454986
1494.0,0.07627854100075376,0.1008036646859188
1495.0,0.08086597277396786,0.10497222161987853
1496.0,0.08240084981580914,0.1066945347046872
1497.0,0.08483261748271727,0.10935996131807235
1498.0,0.08701502925459395,0.11175192548601891
1499.0,0.08939641046307456,0.11459502366235369
1500.0,0.0935265432095614,0.11951585054380712
1501.0,0.09650271852978005,0.12313445161791389
1502.0,0.10120923280189523,0.1288517296565407
1503.0,0.10507759673561892,0.1334452946778665
1504.0,0.11187319817385402,0.14111434775804096
1505.0,0.1158597772740919,0.14605310583230638
1506.0,0.1169505967199424,0.14715685513656557
1507.0,0.12514441142711932,0.1571777022884395
1508.0,0.1319122538601085,0.165273080431938
1509.0,0.1370810051153112,0.1712260301409886
1510.0,0.1480572508425847,0.18381684108846322
1511.0,0.1545694759247765,0.19143840285127814
1512.0,0.1608260725877594,0.19858776332179082
1513.0,0.17437729553906633,0.21445188677370972
1514.0,0.18066796910123603,0.2213560362166279
1515.0,0.18764740612751807,0.22908620831401164
1516.0,0.1986419309903371,0.24164567049892136
1517.0,0.20666678718114273,0.25081276953167086
1518.0,0.2157743918581915,0.2609394326068106
1519.0,0.22159996618940003,0.26766874596846846
1520.0,0.23295503842362086,0.2797369928611513
1521.0,0.23937523929897989,0.28694249900771934
1522.0,0.24907212869980727,0.29752296794601324
1523.0,0.25802478216190355,0.3076795512872466
1524.0,0.26888091775531314,0.31969551438617233
1525.0,0.27627305618519066,0.32829434428495136
1526.0,0.2827431238369538,0.3352058653119031
1527.0,0.296280765760514,0.35084979825335694
1528.0,0.306641557952178,0.362700020392109
1529.0,0.311951514698058,0.3687680441762057
1530.0,0.32410098503893847,0.3818099484864232
1531.0,0.32490389961420857,0.38231663689543416
1532.0,0.33152334971261244,0.38965867636708773
1533.0,0.34986268146487276,0.41027350467950485
1534.0,0.3514008800682375,0.4118418314399743
1535.0,0.3666139843429346,0.4289362703293547
1536.0,0.37859239241826464,0.44244615205120275
1537.0,0.3837360409113653,0.4482019475564979
1538.0,0.39329550947614983,0.45832334655430873
1539.0,0.41156995593185275,0.47880316484187746
1540.0,0.43756672582044076,0.5076071010507489
1541.0,0.46471387409767595,0.5369736088869483
1542.0,0.48284713155015657,0.5557348298593553
1543.0,0.5107112593679928,0.5799937945535732
1544.0,0.5237597507484213,0.5908862754593025
1545.0,0.5420643995075356,0.6075268215245658
1546.0,0.5628626277703244,0.6250304545516704
1547.0,0.5767705923587074,0.6390904834833652
1548.0,0.5892544753723327,0.6495917070638412
1549.0,0.5919889409327105,0.6510291248541498
1550.0,0.6007791942180039,0.6578740669199817
1551.0,0.6090000721429585,0.6640399510713492
1552.0,0.6167589576782295,0.6707171909851797
1553.0,0.6377488281794679,0.6906139633559074
1554.0,0.6448551519886598,0.6972050167257465
1555.0,0.6576370012672846,0.709402990598389
1556.0,0.6974522662975914,0.7454270964962793
1557.0,0.7270285964937351,0.775018529838176
1558.0,0.7679651772960576,0.8131629213392949
1559.0,0.7988564945760879,0.8376345146579381
1560.0,0.8220491368815013,0.8571544381006401
1561.0,0.8424083155998789,0.8743823154328703
1562.0,0.8618227333825541,0.8904823023062892
1563.0,0.8970611986516802,0.9202155892601414
1564.0,0.9150133822472297,0.9355396046804927
1565.0,0.9360868705094479,0.9542316955342335
1566.0,0.94973660012828,0.966156602660554
1567.0,0.9604797138310653,0.9741924532767041
1568.0,0.9648245783094996,0.9767301135798537
1569.0,0.9725098835777037,0.9820865441742346
1570.0,0.9795919902343645,0.9861698947243794
1571.0,0.9855879820072562,0.9894473573650917
1572.0,0.9883946567750556,0.9904413169441123
1573.0,0.9901666636366709,0.9913438055770252
1574.0,0.9939414762201148,0.9944263257207099
1575.0,0.9954211771598214,0.9954211771598214
1576.0,0.9903771124462821,0.9913438055770252
1577.0,0.9818101187989838,0.9871041929689783
1578.0,0.9718605532867168,0.9820865441742346
1579.0,0.9635073585728914,0.9758783172508644
1580.0,0.9419881453355871,0.9592937865358934
1581.0,0.9129877382142944,0.9339340903129764
1582.0,0.8955554996659941,0.9193114763838608
1583.0,0.8618270941384613,0.8904823023062892
1584.0,0.8361275942980226,0.8692355934053205
1585.0,0.8134057153277293,0.8503033242289363
1586.0,0.7755918326672822,0.8195460323547633
1587.0,0.7579972094539313,0.8042691549870735
1588.0,0.7232933096070955,0.7714376380676822
1589.0,0.6962322848888733,0.7445111659578098
1590.0,0.6629928089801382,0.7145550453064968
1591.0,0.6042913718039666,0.6604401741253507
1592.0,0.5782491982899662,0.6400372939518191
1593.0,0.5406427555163684,0.606264784890143
1594.0,0.4965837961877305,0.5686836119652869
1595.0,0.4598834918967234,0.5325923443705136
1596.0,0.4306368658788109,0.5001337553326394
1597.0,0.4053203905461379,0.4720682118172225
1598.0,0.38935126165867107,0.4539848991824527
1599.0,0.3647451798271373,0.42699335834786445
1600.0,0.33742803816433814,0.39637165307849803
1601.0,0.3244094369853544,0.38195393527954186
1602.0,0.3125519013383407,0.36926494795215253
1603.0,0.29212455539405174,0.34612793940681696
1604.0,0.28017963724165096,0.3325511782306864
1605.0,0.2683752829197636,0.3194647157680993
1606.0,0.2588158695113,0.3084435493130019
1607.0,0.23199517656813604,0.27891096549897243
1608.0,0.21204680995519481,0.25673436081352097
1609.0,0.1916672245317874,0.23371550387318427
1610.0,0.17812996339641363,0.21863827344467046
1611.0,0.1553126949751648,0.1922428107387224
1612.0,0.15008701786309467,0.18622412198258145
1613.0,0.14142097362074826,0.17632487349310316
1614.0,0.13666961489036206,0.17081619752597965
1615.0,0.12740620424583785,0.15982270636587978
1616.0,0.11654417407565448,0.14673548252250912
1617.0,0.110818521345087,0.1398891329462378
1618.0,0.0968431709869311,0.12344645350789042
1619.0,0.09083177092969001,0.1162170693554549
1620.0,0.08831736501576631,0.11335351417230083
1621.0,0.09000369172290507,0.11530141894046114
1622.0,0.08452668925882532,0.10910273106976133
1623.0,0.07790195090514566,0.1023554780951017
1624.0,0.07310549939474797,0.09780781425872674
1625.0,0.0657242791155249,0.08885991856686987
1626.0,0.06374697486147776,0.08658612280853702
1627.0,0.06034129249226012,0.08289349692004387
1628.0,0.05684279550201994,0.07897131228592906
1629.0,0.054297439163127646,0.0763290251703734
1630.0,0.053372392230934367,0.0752348979145336
1631.0,0.05125557835581936,0.07295294323926824
1632.0,0.0482718875456613,0.06957529259040852
1633.0,0.046704642192274305,0.0678408081702228
1634.0,0.04552656865815265,0.06641180107956692
1635.0,0.042784703130022125,0.06372652586759286
1636.0,0.043348874528066905,0.06418848718917952
1637.0,0.04212543746215867,0.06317257132027915
1638.0,0.03982669352446838,0.06137081023191935
1639.0,0.036085254774903965,0.05764085478452339
1640.0,0.032492280121327,0.05387361885920912
1641.0,0.029341706504628973,0.04985902240347475
1642.0,0.027096577829984397,0.04745950566122801
1643.0,0.025630650417772488,0.04579134495370329
1644.0,0.023395852243569177,0.04330766511873681
1645.0,0.022754194236443762,0.04261995651045311
1646.0,0.02163324724774046,0.04108313898621822
1647.0,0.020921773584824565,0.03999120002094612
1648.0,0.019984717893113704,0.03866854377243038
1649.0,0.018883657994828783,0.03697891827789712
1650.0,0.01815297862542449,0.03579976842379388
1651.0,0.01725625776474698,0.03446210776581895
1652.0,0.016053378750680455,0.03252959533359211
1653.0,0.015645599612942915,0.03189773837589058
1654.0,0.013938527840530898,0.02906382997210122
1655.0,0.01393662372305189,0.02906382997210122
1656.0,0.012829343380456635,0.02762237827610325
1657.0,0.012512129921722473,0.027388642024682684
1658.0,0.01250111878740617,0.027388642024682684
1659.0,0.0121936249440002,0.02734329822733813
1660.0,0.011848764300561433,0.02734329822733813
1661.0,0.01126727814371351,0.02713844684159627
1662.0,0.011512724929952553,0.02734329822733813
1663.0,0.01158002874946144,0.02734329822733813
1664.0,0.010542029088502932,0.0266605445875703
1665.0,0.00998649887071793,0.025894196186905784
1666.0,0.009123781231798016,0.02436572305523142
1667.0,0.007516532887388448,0.023065751571624157
1668.0,0.006582428810992088,0.022079171481531528
1669.0,0.0056105417319221315,0.022079171481531528
1670.0,0.005109878235643066,0.021896066613490382
1671.0,0.004676103814757141,0.02107843719575142
1672.0,0.004493553250376655,0.020892866819820777
1673.0,0.003946550493673066,0.019742378201276726
1674.0,0.0033982681188313656,0.01786633261505444
1675.0,0.0032392391237980067,0.017437478852781393
1676.0,0.003010698690853098,0.016510542820694394
1677.0,0.002968539876157981,0.016366869048387148
1678.0,0.0030853720692165334,0.01678540613783318
1679.0,0.0028339768116421157,0.01597506081037875
1680.0,0.0026549433263300315,0.01597506081037875
1681.0,0.0024599975526428813,0.015935587625200944
1682.0,0.0021391438084928946,0.015076920794566758
1683.0,0.0017698357676919324,0.013623902374275241
1684.0,0.0016110298620728568,0.013586671607971473
1685.0,0.0015809652811966612,0.013586671607971473
1686.0,0.0014374763810560663,0.013195100732219498
1687.0,0.0014157561865716177,0.013149161844125385
1688.0,0.0014129007943476173,0.013149161844125385
1689.0,0.0013750058686099718,0.012936408424399321
1690.0,0.0013522986356637701,0.012887050413232334
1691.0,0.0013449288816021645,0.012887050413232334
1692.0,0.0013198903068648645,0.012887050413232334
1693.0,0.001333969738085412,0.012887050413232334
1694.0,0.0012217494620667647,0.012306889491439661
1695.0,0.0012240884720885865,0.012306889491439661
1696.0,0.0013014144675139924,0.012782287398407208
1697.0,0.00132752582647617,0.012887050413232334
1698.0,0.00130253440578601,0.012782287398407208
1699.0,0.0013436909020086423,0.012887050413232334
1700.0,0.0013571930225539659,0.012887050413232334
1701.0,0.00144110315164172,0.013195100732219498
1702.0,0.0015758379084393503,0.013586671607971473
1703.0,0.0017220713266009812,0.013586671607971473
1704.0,0.001954791649230492,0.014582931359382932
1705.0,0.0021067148545636915,0.01497756559817268
1706.0,0.002311000608782706,0.015920463267632218
1707.0,0.0024864776813885536,0.015935587625200944
1708.0,0.0027961595873745504,0.01597506081037875
1709.0,0.0032702163779092627,0.017512307548542813
1710.0,0.003474950120708881,0.01792493034129939
1711.0,0.0037154035749930934,0.018815537610644036
1712.0,0.004075929531563453,0.02014393125117263
1713.0,0.004369472185086566,0.020892866819820777
1714.0,0.004519228152232687,0.020892866819820777
1715.0,0.004411369605388542,0.020892866819820777
1716.0,0.00431902519921596,0.020892866819820777
1717.0,0.004656742267011593,0.02107843719575142
1718.0,0.005052007653322898,0.02186005843241617
1719.0,0.005404923023979136,0.022079171481531528
1720.0,0.00586989843010707,0.022079171481531528
1721.0,0.006473298913618014,0.022079171481531528
1722.0,0.007093286533130718,0.022708939764587203
1723.0,0.00881970122150295,0.024176575987889217
1724.0,0.010096601593673635,0.026047962098898897
1725.0,0.012907609354148494,0.027663016494627546
1726.0,0.0144301125401128,0.02990630776019978
1727.0,0.016973601812869367,0.03410514850007848
1728.0,0.018895127428199016,0.03697891827789712
1729.0,0.021496089818952166,0.040898404655538866
1730.0,0.025035016844493416,0.04515991165176429
1731.0,0.02849023114911444,0.04902285077344042
1732.0,0.037559959239816136,0.05921251068475241
1733.0,0.04533072412497629,0.06631477544959084
1734.0,0.054995886739775575,0.07709949672131217
1735.0,0.06356145428969948,0.08644863577465094
1736.0,0.07181749674191311,0.09614731450239151
1737.0,0.07990768099306321,0.1041236681809229
1738.0,0.09466300641955668,0.12089279337889836
1739.0,0.10503772806766175,0.1334452946778665
1740.0,0.1249311983339256,0.15700605869049106
1741.0,0.14592197036813953,0.1814954282747448
1742.0,0.15552817218523673,0.19239341444627295
1743.0,0.1691756898012708,0.20852123785000384
1744.0,0.185593611650327,0.22698419647872434
1745.0,0.20185790603610487,0.24541230899825198
1746.0,0.21620498968637206,0.26130608947952216
1747.0,0.24592011224916224,0.29410037913879405
1748.0,0.28010734470825577,0.3325511782306864
1749.0,0.3154546697012313,0.3722655509535244
1750.0,0.34699778136695075,0.4071467102881098
1751.0,0.385700195187656,0.4502396700796144
1752.0,0.4221879489238678,0.49087725807417965
1753.0,0.4409160496342278,0.5112034018088192
1754.0,0.46284825795098994,0.5354211940538524
1755.0,0.4839722953282566,0.5567174300158465
1756.0,0.5361722162910655,0.6022394389994388
1757.0,0.5602541954568495,0.6224709398060663
1758.0,0.5839947409075992,0.6453519469835591
1759.0,0.5996949337057103,0.657388727434747
1760.0,0.6158483731698049,0.6700822352102228
1761.0,0.62435758671945,0.677902281821912
1762.0,0.6444832876700194,0.6971704762717351
1763.0,0.6680507393424513,0.718873067361683
1764.0,0.6827002967081005,0.7327149704596096
1765.0,0.7047957808132996,0.7524914869589159
1766.0,0.732812323113648,0.7807782206265413
1767.0,0.7424716402748405,0.7894294111994286
1768.0,0.7622201956537179,0.8079140161683595
1769.0,0.7791003309260102,0.8224059592018769
1770.0,0.780990923910065,0.8239775642693125
1771.0,0.7986382487566162,0.8376345146579381
1772.0,0.8066797172090918,0.8441327040795139
1773.0,0.816044070836418,0.8521926625689884
1774.0,0.832998493287156,0.8672486851431254
1775.0,0.8455000322174431,0.8771474790480404
1776.0,0.8572040429793939,0.8870461615291306
1777.0,0.866549614276425,0.8944606234931795
1778.0,0.8756071044605511,0.9024473222354725
1779.0,0.8834440656182869,0.908697983241277
1780.0,0.8973335828962861,0.9202155892601414
1781.0,0.9054887001230866,0.9271878801559913
1782.0,0.9282571846876714,0.9476632582351489
1783.0,0.93455349700889,0.9531423283765457
1784.0,0.9439443873942709,0.9608089025040445
1785.0,0.9528412634235228,0.9684229094557212
1786.0,0.9563189234538073,0.9714760336819013
1787.0,0.9608928976005717,0.9741924532767041
1788.0,0.9597655682386274,0.9740124594049603
1789.0,0.9667842175921718,0.9782310953535
1790.0,0.9712165707992387,0.9820865441742346
1791.0,0.9743125694133595,0.9834227755250002
1792.0,0.9769981475581061,0.985163815458051
1793.0,0.9789676518009711,0.9861698947243794
1794.0,0.9793541000852859,0.9861698947243794
1795.0,0.9806185536083951,0.9863897270479738
1796.0,0.9852937937586295,0.9894473573650917
1797.0,0.9871451504047665,0.9900414197947072
1798.0,0.9885096907774734,0.9904413169441123
1799.0,0.9868155443575998,0.9900414197947072
1800.0,0.9832021082833687,0.9880193650608472
1801.0,0.9799191835437763,0.9861698947243794
1802.0,0.9764446299465053,0.9850899832859233
1803.0,0.9722441960381132,0.9820865441742346
1804.0,0.963478107457668,0.9758783172508644
1805.0,0.9582515896598268,0.9729574308872796
1806.0,0.9501403547373659,0.966156602660554
1807.0,0.9414115905243122,0.9591828972505536
1808.0,0.9308252363094646,0.9498122187416477
1809.0,0.921005468316681,0.940728194978841
1810.0,0.9164822334092269,0.9365745195427625
1811.0,0.906194555468501,0.9274476213901675
1812.0,0.9018718256608345,0.9239456116035821
1813.0,0.901775999569174,0.9239456116035821
1814.0,0.8924974861865258,0.9166311187624259
1815.0,0.8825013679501885,0.908639711679637
1816.0,0.8674138234352302,0.8949022896708537
1817.0,0.858415025109089,0.8878513446791435
1818.0,0.8470887178601598,0.8783513449601555
1819.0,0.8421014707992489,0.8743823154328703
1820.0,0.834445458180991,0.8683143758139079
1821.0,0.8111862389536542,0.8484155920927816
1822.0,0.7982746382144128,0.8376345146579381
1823.0,0.7775604634650914,0.8212031465329055
1824.0,0.7708382839659591,0.8153632389964839
1825.0,0.7501980583839447,0.7968183416600055
1826.0,0.6274549346882817,0.6801850269797388
1827.0,0.6641612672743509,0.7154384239389148
1828.0,0.7363098370308042,0.7840973394341534
1829.0,0.32760130547862526,0.3852696545508374
1830.0,0.06349491479711715,0.08644863577465094
1831.0,0.0039129860480610545,0.019670427413169666
1832.0,0.0009416521343811277,0.009853716977631086
1833.0,0.00021837034055850114,0.003132010968429971
1834.0,6.790518292164088e-05,0.0013391685593488985
1835.0,5.8596306493607444e-05,0.0011929434758080346
1836.0,0.0001399633863548219,0.00217473413192227
1837.0,0.00013150738623188198,0.0021072003840749212
1838.0,0.0001268379093511411,0.002048382299836145
1839.0,0.00012385771573698257,0.0020161283728297717
1840.0,0.00011760423437997159,0.0019610267049863556
1841.0,0.00011221193079837368,0.0019020385955988795
1842.0,0.00010054745141249718,0.0017777829555778598
1843.0,9.469821428398093e-05,0.0017188144911189814
1844.0,9.077043098035545e-05,0.0016772085940604416
1845.0,9.39351216200044e-05,0.0017188144911189814
1846.0,0.00010040814749086736,0.0017777829555778598
1847.0,0.00011010950619619774,0.0018948831513973345
1848.0,0.00011040965808739299,0.0018948831513973345
1849.0,0.0001108659084191517,0.0018948831513973345
1850.0,0.00012029449196890719,0.0019897097018405537
1851.0,0.00011566969340196483,0.0019445782062904088
1852.0,0.00012271302746969082,0.002013475354722687
1853.0,0.00013530823100186645,0.0021512959828281246
1854.0,0.00014387315864324482,0.002218675551708986
1855.0,0.0001370029893227652,0.0021552776939943517
1856.0,0.0001668983172744429,0.0025356181387398693
1857.0,0.00017017028641012273,0.002566318069317366
1858.0,0.00018097126064505923,0.0027092850772482955
1859.0,0.00019272967696770503,0.002847647205410705
1860.0,0.00020319983864417908,0.0029768776361372234
1861.0,0.00021599886369924303,0.0031198145735714606
1862.0,0.0002227719747872156,0.0031729536131151334
1863.0,0.00024429356103267786,0.0034084768277416484
1864.0,0.0002514724754742622,0.0034849327513358907
1865.0,0.00025621961990778723,0.0035268888619521582
1866.0,0.0002644974041768721,0.0035544416983724464
1867.0,0.0002690775719302455,0.0035544416983724464
1868.0,0.000268771406918577,0.0035544416983724464
1869.0,0.0002664289454313804,0.0035544416983724464
1870.0,0.00027208549324450224,0.0035544416983724464
1871.0,0.00027161505945185615,0.0035544416983724464
1872.0,0.0002699831337113399,0.0035544416983724464
1873.0,0.00026214311036274444,0.0035544416983724464
1874.0,0.0002787154527815676,0.0035727837103437196
1875.0,0.00028323926798899435,0.0036082219791641456
1876.0,0.00027715724021828053,0.0035727837103437196
1877.0,0.0002986581536403536,0.003735048006807105
1878.0,0.0003077817417912867,0.003802773207312825
1879.0,0.0003304506495998109,0.004034251680531025
1880.0,0.00034047653576850035,0.004132055472551445
1881.0,0.0003608087186676551,0.0043530510705138865
1882.0,0.000401868138597172,0.0047369629440390795
1883.0,0.00041693055868342166,0.004858662362839192
1884.0,0.00044745965429283366,0.005155841297497763
1885.0,0.00045087329579950275,0.005166151562484805
1886.0,0.00044564752120759745,0.005155841297497763
1887.0,0.0004887649961025814,0.005477907142111446
1888.0,0.0005705054613791762,0.006324901088046975
1889.0,0.0006929619265521274,0.007480341638728491
1890.0,0.0008944979962665705,0.009408284053039673
1891.0,0.0010017344773706348,0.010324409110990813
1892.0,0.0012455122507438246,0.012399824892990357
1893.0,0.0012514694065572912,0.012399824892990357
1894.0,0.0014168526414196538,0.013149161844125385
1895.0,0.0015421246118481754,0.013586671607971473
1896.0,0.001750996487737355,0.013603385592232254
1897.0,0.0020802858651983924,0.014866433134222659
1898.0,0.002483083035822724,0.015935587625200944
1899.0,0.0028810389162031123,0.016013579450223803
1900.0,0.0034572016733758616,0.01792493034129939
1901.0,0.0041113493002730515,0.020150683468191922
1902.0,0.005145735791176189,0.021896066613490382
1903.0,0.006250434897015668,0.022079171481531528
1904.0,0.0072651006362207,0.02279914316506358
1905.0,0.008471315559924019,0.023759274102653143
1906.0,0.010322969015949373,0.026271422398613953
1907.0,0.012344103378190701,0.02734329822733813
1908.0,0.013948264060186533,0.02906382997210122
1909.0,0.016453543432808353,0.033230919125510246
1910.0,0.018683026223675733,0.03668103891662463
1911.0,0.02053081797240585,0.039464580751081904
1912.0,0.0239689753035853,0.04401485875437652
1913.0,0.027237338957528834,0.04758414156890259
1914.0,0.029265197777726074,0.049777804850552124
1915.0,0.0323402307886649,0.05367983428205003
1916.0,0.035577612610789816,0.057007565206820245
1917.0,0.038172876306256535,0.05985670436095731
1918.0,0.040378615778351355,0.062034862143369764
1919.0,0.04451449671304985,0.06548921793066757
1920.0,0.04880903184441821,0.07015229454302856
1921.0,0.05096128777470992,0.07258444529578476
1922.0,0.057603415669978786,0.07971970684151584
1923.0,0.05759379802697728,0.07971970684151584
1924.0,0.060935916204673826,0.0834499497414165
1925.0,0.06251652732805853,0.08525358879644152
1926.0,0.06477050463307435,0.08768600990259769
1927.0,0.06857764320381447,0.09241310526348456
1928.0,0.07048831478481184,0.09473888179793519
1929.0,0.0733648935411084,0.09808303338569177
1930.0,0.07340685336276785,0.09808303338569177
1931.0,0.07703723191092184,0.10135891824925206
1932.0,0.07895914720464556,0.1032813845132194
1933.0,0.07889884180071234,0.10326836281637587
1934.0,0.07864415155557754,0.10319843559852178
1935.0,0.08110897763534793,0.10522107092352853
1936.0,0.08323812274854217,0.10757491478088217
1937.0,0.081475473193565,0.10556297885028541
1938.0,0.08046923160211981,0.10458960330541682
1939.0,0.08082915545367512,0.10497222161987853
1940.0,0.08140130044515258,0.10553354438243231
1941.0,0.08313710153507328,0.10751210293091759
1942.0,0.08507505763342318,0.10960360754155211
1943.0,0.08477769186632235,0.10935789057724978
1944.0,0.08652724145956736,0.1112648101777885
1945.0,0.08398100562589218,0.10846665147273606
1946.0,0.07979132001874979,0.10403814199520395
1947.0,0.07959212307722428,0.10394641636744455
1948.0,0.07762415855241607,0.10205586486602908
1949.0,0.07638282209294459,0.10087647656962612
1950.0,0.07840020028636689,0.10294418104183001
1951.0,0.07586514156911546,0.10038671313435858
1952.0,0.0746111507365899,0.09904690625290995
1953.0,0.07443693758930658,0.09904690625290995
1954.0,0.07390028032693234,0.09848568872679546
1955.0,0.07458397384000828,0.09904690625290995
1956.0,0.07492363949583382,0.0992689823035886
1957.0,0.07650350225428118,0.10097083856083056
1958.0,0.07687368915843208,0.10126392836476826
1959.0,0.07889085778499262,0.10326836281637587
1960.0,0.07962112484243218,0.10394641636744455
1961.0,0.08014496742252772,0.10436655757689166
1962.0,0.08031872074104945,0.10446017516797237
1963.0,0.08027605950317059,0.10446017516797237
1964.0,0.07967029084818275,0.10394641636744455
1965.0,0.07954703021601665,0.10394641636744455
1966.0,0.07877956497653098,0.10324401774240578
1967.0,0.07877956497653098,0.10324401774240578
1968.0,0.07671670421339827,0.10116609555416485
1969.0,0.07601653750128774,0.1005221911122767
1970.0,0.07490317052397971,0.0992689823035886
1971.0,0.07490317052397971,0.0992689823035886
1972.0,0.07379938850682752,0.09847921003741264
1973.0,0.07453417523718245,0.09904690625290995
1974.0,0.07458397384000828,0.09904690625290995
1975.0,0.07348712653841617,0.09812636492857524
1976.0,0.07147165804113263,0.09580939257670787
1977.0,0.07134158610521912,0.09569757560615069
1978.0,0.06969142842551615,0.09379076095848664
1979.0,0.06764198884436946,0.09127218363144854
1980.0,0.06653334583528209,0.08989452721222897
1981.0,0.06439177383110395,0.08728851826014157
1982.0,0.06466407897783022,0.08759975296138031
1983.0,0.06353958821840286,0.08644863577465094
1984.0,0.06165608131896254,0.08424824969033455
1985.0,0.06178474875027711,0.08436785598323458
1986.0,0.06184730544334198,0.08439708813326308
1987.0,0.06076226586438581,0.08336013865408382
1988.0,0.06025647279397972,0.08283245690378847
1989.0,0.061269824355573294,0.08377627316885389
1990.0,0.061269824355573294,0.08377627316885389
1991.0,0.06094979264390147,0.0834499497414165
1992.0,0.0593655223365765,0.08182707413462258
1993.0,0.0596274326133232,0.08207776126840663
1994.0,0.05802143296686983,0.08024407216119354
1995.0,0.05814192701771331,0.0803565312084434
1996.0,0.0568701259123926,0.07897131228592906
1997.0,0.05645126207994487,0.07865593649861884
1998.0,0.05729151789814508,0.07950264087218915
1999.0,0.05638560349188066,0.07861786047712252
2000.0,0.055786809915684264,0.07799505598982169
2001.0,0.05661774857161212,0.07883435323854478
2002.0,0.0557157216451962,0.07794880292926153
2003.0,0.056355654314138345,0.07861786047712252
2004.0,0.0555291241721002,0.07774077384094029
2005.0,0.0555291241721002,0.07774077384094029
2006.0,0.05493331067226977,0.07706444609358774
2007.0,0.05393981151432439,0.0759303729690318
2008.0,0.05314333461815696,0.07496353459548825
2009.0,0.05207169375033845,0.07375624577482333
2010.0,0.052567268029498154,0.07430424998518312
2011.0,0.052176399666308326,0.07380261773489544
2012.0,0.05306594768716582,0.07490589036915148
2013.0,0.05269509629121071,0.07443363808076665
2014.0,0.05211861396953656,0.07377175793755658
2015.0,0.05183195534810873,0.073618723484053
2016.0,0.050123756543404556,0.07159330513857945
2017.0,0.0493878757171464,0.07078583724379264
2018.0,0.04956888298506984,0.07096447058257152
2019.0,0.04910232112750247,0.07047505992477786
2020.0,0.047922656237319776,0.06912051191472775
2021.0,0.047922656237319776,0.06912051191472775
2022.0,0.04659087413704775,0.06772351726086814
2023.0,0.047388791935523235,0.06857036659647615
2024.0,0.04736577835834575,0.06857036659647615
2025.0,0.04723653507418529,0.06856485027399437
2026.0,0.047284601042049325,0.06857036659647615
2027.0,0.04732265802011873,0.06857036659647615
2028.0,0.04563242692038291,0.06651891088394125
2029.0,0.04475660930365125,0.06561530070177893
2030.0,0.04376763284949393,0.06460048346076212
2031.0,0.04292000432878041,0.06374803104207902
2032.0,0.04272304888096335,0.06368867360978055
2033.0,0.04150089200679684,0.06263306071077285
2034.0,0.04068583821879011,0.06219843707692353
2035.0,0.0392819177896707,0.060943429188059464
2036.0,0.03958059568140773,0.06108780724661686
2037.0,0.039385809187846635,0.06102064305457019
2038.0,0.039088601168357495,0.060735394694167597
2039.0,0.038408861017294224,0.060134789272114846
2040.0,0.03850732576300801,0.06016124435552954
2041.0,0.03939119034824521,0.06102064305457019
2042.0,0.03836108180265375,0.060105866139986884
2043.0,0.03792433066370555,0.059638558534247765
2044.0,0.037637770172137444,0.05928960570127028
2045.0,0.037970605248003074,0.059638558534247765
2046.0,0.03907021151120451,0.060735394694167597
2047.0,0.03907021151120451,0.060735394694167597
2048.0,0.04093777234042864,0.06242629819347148
2049.0,0.04060727311076207,0.06219843707692353
2050.0,0.03882191228953754,0.06050436330231117
2051.0,0.03751342584191205,0.05918464338597047
2052.0,0.037116925620599435,0.05873982596284679
2053.0,0.037116925620599435,0.05873982596284679
2054.0,0.03679604171741626,0.058457538003424285
2055.0,0.03604893802671963,0.057627725559471515
2056.0,0.03691856857126101,0.05856147265247976
2057.0,0.03719852397553127,0.05879074587350143
2058.0,0.03636385871981292,0.05792747132870844
2059.0,0.035469226290198656,0.056922834993112244
2060.0,0.03573945710387815,0.0571775557878737
2061.0,0.03458925226626267,0.05603677440608589
2062.0,0.03439813696620603,0.05590378678105275
2063.0,0.03372394231879794,0.05502609840561223
2064.0,0.03382494155125199,0.055147023149139766
2065.0,0.034570880206730756,0.05603677440608589
2066.0,0.033666315260654105,0.05497580620987386
2067.0,0.03344305058059924,0.05487335739264723
2068.0,0.03219035886814222,0.05351089856072418
2069.0,0.031038254716147493,0.052162800234894786
2070.0,0.03179280023280209,0.053092970263606806
2071.0,0.03185302208564786,0.053114266908669716
2072.0,0.03253093897892121,0.05389414850223539
2073.0,0.032870797802827104,0.05428180860998261
2074.0,0.03318077993419433,0.054574001319192114
2075.0,0.03356782781682416,0.05496117989120667
2076.0,0.03408057558870022,0.055431610255689254
2077.0,0.033598244768965564,0.05496117989120667
2078.0,0.03362834896842723,0.05496117989120667
2079.0,0.03340398387277694,0.05485313924985229
2080.0,0.03469073655229639,0.056065009352537214
2081.0,0.03568849703756772,0.05714059908200733
2082.0,0.03527592618057761,0.05670135156454912
2083.0,0.0336305610743366,0.05496117989120667
2084.0,0.0327333702311869,0.054142050277551874
2085.0,0.03135030223004672,0.052532246628942666
2086.0,0.030479995160802093,0.05143542506724908
2087.0,0.02844442577095088,0.04902285077344042
2088.0,0.027815192146509047,0.04819909226754422
2089.0,0.026258784571204032,0.04642824754787885
2090.0,0.026110262206300472,0.04620547695006235
2091.0,0.026365827280826,0.04654598682133195
2092.0,0.026570331389866638,0.04678923972652674
2093.0,0.02601083685760723,0.04618894060169042
2094.0,0.02529477198940459,0.04542870170776604
2095.0,0.02529477198940459,0.04542870170776604
2096.0,0.02568946681118595,0.04585648079176883
2097.0,0.02456483720221012,0.04455875337782131
2098.0,0.024359863235720747,0.04437129617803131
2099.0,0.023997250404013383,0.04402357833509074
2100.0,0.02418521842035589,0.044199112847490354
2101.0,0.02319675887505854,0.04305570357714486
2102.0,0.02377005577350441,0.04376336121315758
2103.0,0.022907491347031843,0.04280480060082048
2104.0,0.022563415271647402,0.04245648139646681
2105.0,0.022652986789677455,0.04250802919087691
2106.0,0.02287124028443744,0.04280010385344999
2107.0,0.022717266169174716,0.042589682735811096
2108.0,0.0230776966346244,0.042987195439221956
2109.0,0.023096971903472742,0.042987195439221956
2110.0,0.023465920063544574,0.04339819842229929
2111.0,0.023665886580821843,0.04361072181245786
2112.0,0.024593939656368906,0.04455875337782131
2113.0,0.024419840679039274,0.04444107651527023
2114.0,0.02498199627937975,0.04510393870511256
2115.0,0.024242189797544018,0.044199112847490354
2116.0,0.0246129868232641,0.04455875337782131
2117.0,0.025552696566524032,0.0457565121166921
2118.0,0.025362953999282713,0.045511302408161716
2119.0,0.024614854986383005,0.04455875337782131
2120.0,0.02461385861507469,0.04455875337782131
2121.0,0.024243784472660485,0.044199112847490354
2122.0,0.024242189797544018,0.044199112847490354
2123.0,0.023878428693051984,0.043923459416546747
2124.0,0.023159229747391506,0.04302498207599636
2125.0,0.02333036106495953,0.04324688721216689
2126.0,0.022620571960761,0.04250802919087691
2127.0,0.022104954063894792,0.04178549381110434
2128.0,0.021247050346850073,0.04049972143251813
2129.0,0.02090114062151808,0.03998902930478879
2130.0,0.020738486654770093,0.03971487967220678
2131.0,0.019940980491061376,0.038656853485034864
2132.0,0.01960105445478443,0.03814208983563839
2133.0,0.01868926653723683,0.03668103891662463
2134.0,0.017956929651172626,0.035521696548925306
2135.0,0.016988036608123012,0.03410514850007848
2136.0,0.016461537704299565,0.033230919125510246
2137.0,0.01597025412123368,0.03239860653081135
2138.0,0.015257439997176847,0.03135572087596164
2139.0,0.014772761283684805,0.030512521040118364
2140.0,0.013869581790302711,0.028997464069226157
2141.0,0.013234983130185302,0.027967549263878178
2142.0,0.013029661877011977,0.027750609044394147
2143.0,0.012628781325189435,0.027468555469967307
2144.0,0.012220431575191341,0.02734329822733813
2145.0,0.011540019799943645,0.02734329822733813
2146.0,0.011160322522247102,0.02713844684159627
2147.0,0.010782037707840867,0.027034180120759924
2148.0,0.010164366175106045,0.026156982465674404
2149.0,0.009584503774526245,0.02513787371042625
2150.0,0.009574470208980319,0.02513787371042625
2151.0,0.009178373038513673,0.024473839809019942
2152.0,0.008947130239803647,0.024263002167534187
2153.0,0.009014338201687493,0.024263002167534187
2154.0,0.008479034610532695,0.023759274102653143
2155.0,0.00817172072523928,0.023506590753808926
2156.0,0.008078519999177941,0.023438809569213473
2157.0,0.007927881299820656,0.023333180123973618
2158.0,0.00746793241490237,0.023032675763856782
2159.0,0.007406068152213668,0.022947592410866705
2160.0,0.007291838020805242,0.02279914316506358
2161.0,0.0071747214131118175,0.022732768742013645
2162.0,0.006992649976600428,0.02258479610860863
2163.0,0.007003378998086342,0.02258479610860863
2164.0,0.006588226692685176,0.022079171481531528
2165.0,0.006584893952955567,0.022079171481531528
2166.0,0.006515624229849602,0.022079171481531528
2167.0,0.006512031657655461,0.022079171481531528
2168.0,0.006750368432429217,0.022181961201586685
2169.0,0.0066338540367543155,0.022122279978365075
2170.0,0.006578033821812624,0.022079171481531528
2171.0,0.006584893952955567,0.022079171481531528
2172.0,0.006644234259713743,0.022122279978365075
2173.0,0.006358767039995891,0.022079171481531528
2174.0,0.006355486058709005,0.022079171481531528
2175.0,0.00629509234691693,0.022079171481531528
2176.0,0.006402772843503596,0.022079171481531528
2177.0,0.006291685041552423,0.022079171481531528
2178.0,0.006288215944511647,0.022079171481531528
2179.0,0.006238491454855872,0.022079171481531528
2180.0,0.006238491454855872,0.022079171481531528
2181.0,0.006248347887684787,0.022079171481531528
2182.0,0.0061984681842060475,0.022079171481531528
2183.0,0.00614879998649693,0.022079171481531528
2184.0,0.006047348773661197,0.022079171481531528
2185.0,0.005995735523039114,0.022079171481531528
2186.0,0.006001077367804261,0.022079171481531528
2187.0,0.006096475100492987,0.022079171481531528
2188.0,0.006210272155628603,0.022079171481531528
2189.0,0.006377133139792874,0.022079171481531528
2190.0,0.006379973331034392,0.022079171481531528
2191.0,0.006328466467063741,0.022079171481531528
2192.0,0.006228556021515964,0.022079171481531528
2193.0,0.00623546183543104,0.022079171481531528
2194.0,0.006297800399932354,0.022079171481531528
2195.0,0.006356193578118024,0.022079171481531528
2196.0,0.006524201672383202,0.022079171481531528
2197.0,0.006470351697239141,0.022079171481531528
2198.0,0.006413051076055874,0.022079171481531528
2199.0,0.006418504902548013,0.022079171481531528
2200.0,0.0063160543260845125,0.022079171481531528
2201.0,0.00604756297070987,0.022079171481531528
2202.0,0.005893946087192122,0.022079171481531528
2203.0,0.0058425186190445965,0.022079171481531528
2204.0,0.005946578415281486,0.022079171481531528
2205.0,0.0058417204829755215,0.022079171481531528
2206.0,0.005691200923540983,0.022079171481531528
2207.0,0.0058451207083920305,0.022079171481531528
2208.0,0.005845623518290542,0.022079171481531528
2209.0,0.005897227511916837,0.022079171481531528
2210.0,0.006001623961027692,0.022079171481531528
2211.0,0.005950581618772616,0.022079171481531528
2212.0,0.005898779366763808,0.022079171481531528
2213.0,0.005795878594909364,0.022079171481531528
2214.0,0.0057957026378592244,0.022079171481531528
2215.0,0.005744899836203056,0.022079171481531528
2216.0,0.005744987042881817,0.022079171481531528
2217.0,0.005796054557301209,0.022079171481531528
2218.0,0.005796054557301209,0.022079171481531528
2219.0,0.005795995902577135,0.022079171481531528
2220.0,0.0058473984872098,0.022079171481531528
2221.0,0.005951665656025601,0.022079171481531528
2222.0,0.005951635541213311,0.022079171481531528
2223.0,0.006057362940971311,0.022079171481531528
2224.0,0.006003993107013847,0.022079171481531528
2225.0,0.006218070053903251,0.022079171481531528
2226.0,0.006161881076858395,0.022079171481531528
2227.0,0.006103605064763237,0.022079171481531528
2228.0,0.006153748843864489,0.022079171481531528
2229.0,0.00610261686674655,0.022079171481531528
2230.0,0.006211843525094922,0.022079171481531528
2231.0,0.006383622249887012,0.022079171481531528
2232.0,0.006611268615327235,0.022084221384423713
2233.0,0.006670407813503043,0.022144322789470077
2234.0,0.00678766725945498,0.022203358132603133
2235.0,0.007212831975080788,0.022732768742013645
2236.0,0.007466345526971273,0.023032675763856782
2237.0,0.0075309993211580255,0.023065751571624157
2238.0,0.007212831975080788,0.022732768742013645
2239.0,0.007594752542751036,0.023076796244714627
2240.0,0.007591486800552811,0.023076796244714627
2241.0,0.007919782338680107,0.023333180123973618
2242.0,0.008260644803214558,0.023714391241733072
2243.0,0.008980875839632006,0.024263002167534187
2244.0,0.008978558575347757,0.024263002167534187
2245.0,0.00918813098632148,0.024473839809019942
2246.0,0.008888695089729661,0.02424297025137704
2247.0,0.009118381466139767,0.02436572305523142
2248.0,0.008965620159369707,0.024263002167534187
2249.0,0.009247224441145962,0.02453564984319582
2250.0,0.009543514949182654,0.02509455020612003
2251.0,0.00966730380459561,0.025258140258886105
2252.0,0.010733863473087173,0.026946332904898156
2253.0,0.011605016670254771,0.02734329822733813
2254.0,0.01119901507114524,0.02713844684159627
2255.0,0.012102284595572737,0.02734329822733813
2256.0,0.012734400750118701,0.027521871378812915
2257.0,0.013184852450676398,0.02793480654062816
2258.0,0.013682010472629505,0.02866374206267938
2259.0,0.01454446676673068,0.030101615881498105
2260.0,0.015383487060298623,0.03152001194872375
2261.0,0.01577533232202789,0.03206660712832428
2262.0,0.016874267152294207,0.03396380954794447
2263.0,0.01775850458181176,0.035293307071023176
2264.0,0.01893139748706897,0.0370145817406849
2265.0,0.020046598344506134,0.038751718383206485
2266.0,0.020560758396779812,0.03948512684625037
2267.0,0.021177070531524372,0.04040388061409906
2268.0,0.02200618894405855,0.0416371711478451
2269.0,0.02295889699370725,0.04280790703099416
2270.0,0.02444914248143158,0.044454956763666814
2271.0,0.02543917049565768,0.045608163187582075
2272.0,0.026645456850601282,0.04678923972652674
2273.0,0.028918101678430005,0.049524990515938165
2274.0,0.0312652337135257,0.05243253830453084
2275.0,0.03206226473277764,0.05337638390172641
2276.0,0.033246658808692896,0.05463853943640155
2277.0,0.03637766117570769,0.05792747132870844
2278.0,0.0372064301042442,0.05879074587350143
2279.0,0.039527958591506374,0.06108780724661686
2280.0,0.04056784219645325,0.062185832843741115
2281.0,0.04113336532464389,0.06252051550468532
2282.0,0.04216638231958174,0.06317257132027915
2283.0,0.0437809224819402,0.06460048346076212
2284.0,0.04614930672530228,0.06712923978269147
2285.0,0.04515422485566581,0.06615093941355041
2286.0,0.04454288591578804,0.06548921793066757
2287.0,0.043173756100919544,0.06398076138944074
2288.0,0.04272823739008193,0.06368867360978055
2289.0,0.04214526516010004,0.06317257132027915
2290.0,0.04245754997907686,0.06345621977832579
2291.0,0.04308777045536207,0.06389950629352684
2292.0,0.04245754997907686,0.06345621977832579
2293.0,0.04161128371105615,0.06270737905317868
2294.0,0.04126219166026658,0.06252051550468532
2295.0,0.04169474483138348,0.06272954491506315
2296.0,0.04130438737632794,0.06252051550468532
2297.0,0.04065414710321664,0.06219843707692353
2298.0,0.04117667938238537,0.06252051550468532
2299.0,0.04047741922482801,0.062140109902786116
2300.0,0.04077899643510216,0.062230447684817364
2301.0,0.04101863725443448,0.062456737200330445
2302.0,0.04166711670572238,0.06272954491506315
2303.0,0.04224539874878755,0.06324475389325786
2304.0,0.0429475939514277,0.06374803104207902
2305.0,0.04337652035309742,0.06418848718917952
2306.0,0.04425801515523367,0.06521062434151167
2307.0,0.0446939226099888,0.06561507398473364
2308.0,0.04538236161811251,0.06634299620723362
2309.0,0.045302062020937534,0.06631477544959084
2310.0,0.04786740169659193,0.06912051191472775
2311.0,0.048588739939524776,0.06993368815155461
2312.0,0.04938487703010999,0.07078583724379264
2313.0,0.05039459270072501,0.07192714657563465
2314.0,0.051489263826412224,0.07323472961717856
2315.0,0.05190281528909832,0.073618723484053
2316.0,0.051876034599601405,0.073618723484053
2317.0,0.050652793898768415,0.07224539658301392
2318.0,0.048645319418375396,0.06996602393203923
2319.0,0.048392208928086086,0.06969973350527006
2320.0,0.04740749870005031,0.06857036659647615
2321.0,0.046133897552126935,0.06712923978269147
2322.0,0.04548811473565386,0.06640293474934239
2323.0,0.0454678646596172,0.06640293474934239
2324.0,0.043726903125925046,0.06460048346076212
2325.0,0.043744164356837784,0.06460048346076212
2326.0,0.04285685397545353,0.06374803104207902
2327.0,0.04171774708149494,0.06272954491506315
2328.0,0.041465628550943705,0.06262592353312632
2329.0,0.0414366845571973,0.06262592353312632
2330.0,0.04026925284349044,0.06191322157571132
2331.0,0.04003986502295558,0.061652975346908334
2332.0,0.03866899467252123,0.060357768701172786
2333.0,0.038088755167379744,0.059770494910708384
2334.0,0.03775488443677003,0.05942844818097877
2335.0,0.036271241960121756,0.05789285389899589
2336.0,0.03552526548636737,0.05696819352035924
2337.0,0.03262291757501258,0.05400290875411687
2338.0,0.03100811561375887,0.052162800234894786
2339.0,0.029261644091573724,0.049777804850552124
2340.0,0.027599849803209443,0.04804797395784632
2341.0,0.027824341903838305,0.04819909226754422
2342.0,0.02765170962988168,0.04804797395784632
2343.0,0.02743846595558701,0.047813333623542016
2344.0,0.02765170962988168,0.04804797395784632
2345.0,0.02704233812299318,0.04740498759851198
2346.0,0.02663817737098881,0.04678923972652674
2347.0,0.026066568556118924,0.04620547695006235
2348.0,0.026072240635504475,0.04620547695006235
2349.0,0.02589658566178801,0.04610142469220719
2350.0,0.026104581855228202,0.04620547695006235
2351.0,0.025922281138887022,0.04610142469220719
2352.0,0.027310480774471322,0.04764090235717105
2353.0,0.028545208318060625,0.0490747881478142
2354.0,0.02897610366607791,0.049524990515938165
2355.0,0.02961915751865716,0.05024722255646471
2356.0,0.030275716409376947,0.05114950111666567
2357.0,0.03049511305791072,0.05143542506724908
2358.0,0.031395067731906166,0.0525643134025629
2359.0,0.033021331342699196,0.05444272554973959
2360.0,0.03397778148583013,0.055308277640823494
2361.0,0.03446992096270156,0.055937470527274685
2362.0,0.03447340943270366,0.055937470527274685
2363.0,0.03522206246309378,0.05665917655827869
2364.0,0.034970604220415945,0.05638735004408262
2365.0,0.034716022368465264,0.056065009352537214
2366.0,0.03521243987388091,0.05665917655827869
2367.0,0.034713563216613515,0.056065009352537214
2368.0,0.03543388810513916,0.05691065348758059
2369.0,0.034626551298637044,0.05605292558287654
2370.0,0.03636238676698166,0.05792747132870844
2371.0,0.03688103993209676,0.05854722360737651
2372.0,0.038513756137888974,0.06016124435552954
2373.0,0.03797560089991593,0.059638558534247765
2374.0,0.03850459804954908,0.06016124435552954
2375.0,0.0395902100117163,0.06108780724661686
2376.0,0.039535159531242946,0.06108780724661686
2377.0,0.0395103618154759,0.06108780724661686
2378.0,0.04026925284349044,0.06191322157571132
2379.0,0.04099083490246697,0.062456737200330445
2380.0,0.041247996861944566,0.06252051550468532
2381.0,0.041545013501584675,0.06265354609687512
2382.0,0.0407340395454233,0.06220812740704631
2383.0,0.040527424232348994,0.06217034188522646
2384.0,0.03961325384592902,0.06108780724661686
2385.0,0.0391438220902341,0.06077515450951562
2386.0,0.04069736838480321,0.06219843707692353
2387.0,0.0413771822141656,0.06258451380623425
2388.0,0.042162542049186985,0.06317257132027915
2389.0,0.04261941090593799,0.06361893141781573
2390.0,0.04247946843278465,0.06345621977832579
2391.0,0.04294802857549049,0.06374803104207902
2392.0,0.04129226736049146,0.06252051550468532
2393.0,0.042954548464238525,0.06374803104207902
2394.0,0.044575352889304136,0.0654900062865063
2395.0,0.047514124101801815,0.06867615823311876
2396.0,0.05012578555777674,0.07159330513857945
2397.0,0.05170465115293238,0.07349011747377984
2398.0,0.05365073664992428,0.07557531653090295
2399.0,0.05467597070146303,0.07675593149123934
2400.0,0.055871557081293884,0.07806032940990038
2401.0,0.05673130865207035,0.07893888334151716
2402.0,0.05677007435324649,0.07893926949051427
2403.0,0.05956953253765405,0.08205313044642609
2404.0,0.05920113982455083,0.08165537174186534
2405.0,0.0604641566382647,0.08300668357769807
2406.0,0.05992323570952957,0.08242961531874256
2407.0,0.06083548341222554,0.0834047971112798
2408.0,0.06413229644703916,0.08705184646782087
2409.0,0.06706263819774931,0.09055001378774447
2410.0,0.06999429049626041,0.09413658348054434
2411.0,0.07112028712578702,0.09546316027158978
2412.0,0.07385654361451623,0.09848568872679546
2413.0,0.07446745201862191,0.09904690625290995
2414.0,0.07675009492066334,0.10116609555416485
2415.0,0.08259662727198168,0.10688055680431194
2416.0,0.08684831994347258,0.11160770940104152
2417.0,0.09018147718545678,0.11545705974242938
2418.0,0.09653837064924697,0.12313445161791389
2419.0,0.09979199988381002,0.12712633028676668
2420.0,0.10431053306264208,0.13263540192900117
2421.0,0.10524201531885487,0.13357139444243274
2422.0,0.10720266999042447,0.13580770608422518
2423.0,0.10689717232528564,0.13558818827406363
2424.0,0.10715223532947252,0.13580770608422518
2425.0,0.10822621984771481,0.13693521092391306
2426.0,0.1095174713382948,0.1384835596269067
2427.0,0.10750142519235724,0.13610211300587943
2428.0,0.11083366213439123,0.1398891329462378
2429.0,0.11653238061334123,0.14673548252250912
2430.0,0.12415231077070737,0.15612286290050328
2431.0,0.13481516443837835,0.1686011599165329
2432.0,0.14381093570964915,0.17897829438136553
2433.0,0.14722056884533713,0.1828887866152553
2434.0,0.14720343661948354,0.1828887866152553
2435.0,0.1424133672123964,0.17745432330050123
2436.0,0.14098300431495536,0.17588573105229527
2437.0,0.14379929345620648,0.17897829438136553
2438.0,0.15212767615543313,0.18852801437751862
2439.0,0.1581997605293786,0.19558029466290267
2440.0,0.1719972697498653,0.21187171186605028
2441.0,0.17407579849299606,0.21430339898507497
2442.0,0.17440553249075952,0.21445188677370972
2443.0,0.17504207414011555,0.21510562855684662
2444.0,0.1787864307852211,0.219312780825651
2445.0,0.1844281234280605,0.22569336584185687
2446.0,0.1861193043050875,0.22749147385562243
2447.0,0.18628229783107186,0.22755508805927838
2448.0,0.18143199243694785,0.22215941282876422
2449.0,0.1883122669231043,0.2297611299579339
2450.0,0.19713398781938385,0.2399535958561165
