cultivar,condicao,data_coleta_iso,dia,replicata,bloco,turnos_disponiveis,turno_label,target,model,y_true,y_pred,label_true,label_pred,acertou,prob_IRR_BR16_manha_tarde,prob_IRR_BR16_unico,prob_IRR_CD202_manha_tarde,prob_IRR_CD202_unico,prob_IRR_EMB48_manha_tarde,prob_IRR_EMB48_unico,prob_NIRR_BR16_manha_tarde,prob_NIRR_BR16_unico,prob_NIRR_CD202_manha_tarde,prob_NIRR_CD202_unico,prob_NIRR_EMB48_manha_tarde,prob_NIRR_EMB48_unico
BR16,IRR,2017-02-23,dia2,1,B1,manha + tarde,manha + tarde,condicao_genotipo_turno,LDA,0,0,IRR|BR16|manha + tarde,IRR|BR16|manha + tarde,True,0.592223726846428,0.006909469228914426,0.038972270899723764,1.2370153060619211e-05,0.08337908075175479,4.471787877530286e-06,0.2393730802113975,0.03091857459669905,0.005949462227074731,0.00225426064937442,1.4688225808280355e-06,1.763825114227298e-06
BR16,IRR,2017-02-23,dia2,2,B2,manha + tarde,manha + tarde,condicao_genotipo_turno,LDA,0,6,IRR|BR16|manha + tarde,NIRR|BR16|manha + tarde,False,0.369932080108869,5.417230943475789e-06,0.04008817148398054,8.198940675815507e-08,0.025029411726813274,1.2744863117520967e-07,0.4712866182077642,0.07938069918909321,0.009401808805510357,0.004788639227895069,6.219123072108087e-05,2.4753350371568853e-05
BR16,IRR,2017-02-23,dia2,3,B3,manha + tarde,manha + tarde,condicao_genotipo_turno,LDA,0,6,IRR|BR16|manha + tarde,NIRR|BR16|manha + tarde,False,0.08769398665235832,1.707171753159312e-06,0.007560712221415646,1.0882857380220976e-06,0.005053964661147083,1.54287039754696e-07,0.4991219639492541,0.3669881759359471,0.02037187452559275,0.013128735768582213,7.757123632051908e-05,6.530485126639251e-08
BR16,IRR,2017-02-23,dia2,4,B4,manha + tarde,manha + tarde,condicao_genotipo_turno,LDA,0,7,IRR|BR16|manha + tarde,NIRR|BR16|unico,False,0.11331293257958497,9.449501008135855e-05,0.027943276342548534,3.8045169742367726e-07,0.017256032084764984,1.78934652335573e-07,0.3584658464632663,0.4170601893845101,0.05108966270794889,0.012994813531762912,0.0015442365788533986,0.00023795593032895153
BR16,NIRR,2017-02-23,dia2,1,B1,manha + tarde,manha + tarde,condicao_genotipo_turno,LDA,6,6,NIRR|BR16|manha + tarde,NIRR|BR16|manha + tarde,True,0.320468127490371,2.0897906833173986e-06,0.006183833434735566,9.903970195985003e-07,0.012354008159610314,8.168699289472825e-08,0.5177997425386655,0.13549764059233138,0.0026735234982148506,0.005011450667197842,8.510264070027672e-06,1.4801077242173493e-09
BR16,NIRR,2017-02-23,dia2,2,B2,manha + tarde,manha + tarde,condicao_genotipo_turno,LDA,6,7,NIRR|BR16|manha + tarde,NIRR|BR16|unico,False,0.049837239709565974,1.542382703292173e-08,0.0007458928749322468,9.927990825435074e-12,0.00012735706628529041,9.301751976902958e-12,0.3517156090630356,0.5927233101278182,0.003625062951897378,0.0012164800018538942,5.9717646339387235e-06,3.060996920836582e-06
BR16,NIRR,2017-02-23,dia2,3,B3,manha + tarde,manha + tarde,condicao_genotipo_turno,LDA,6,8,NIRR|BR16|manha + tarde,NIRR|CD202|manha + tarde,False,0.012819751571392719,7.953682657964682e-06,0.05361629931486072,6.758747166440801e-07,0.049092335431728154,1.8273009388745517e-07,0.03746789968971776,0.08896885232106407,0.3596207138467269,0.2293267869617472,0.12053665056566772,0.048541898009626126
BR16,NIRR,2017-02-23,dia2,4,B4,manha + tarde,manha + tarde,condicao_genotipo_turno,LDA,6,6,NIRR|BR16|manha + tarde,NIRR|BR16|manha + tarde,True,0.19565218626781866,0.0004977672844073183,0.03895901864705645,1.9959817428173297e-06,0.034217031558795866,3.7975018204824495e-07,0.43813087337811707,0.20845296561793314,0.06278655865498274,0.021200829631503552,5.340082980261888e-05,4.699239765768138e-05
CD202,IRR,2017-02-23,dia2,1,B1,manha + tarde,manha + tarde,condicao_genotipo_turno,LDA,2,8,IRR|CD202|manha + tarde,NIRR|CD202|manha + tarde,False,0.014185829116171379,1.1181753597519103e-06,0.06276366586260883,4.083170914013516e-06,0.018605250892220697,1.998563112480968e-06,0.1386439699259906,0.22697348883994867,0.3274881542589308,0.19235052608824724,0.018773007495289953,0.00020890761120576754
CD202,IRR,2017-02-23,dia2,2,B2,manha + tarde,manha + tarde,condicao_genotipo_turno,LDA,2,4,IRR|CD202|manha + tarde,IRR|EMB48|manha + tarde,False,0.0874531165364919,0.0005402852455874733,0.18841183464703687,6.849344256862489e-05,0.39592966503847854,2.8724673151643644e-05,0.02123755240420637,0.008035201604839065,0.08751859239969852,0.15189243010528458,0.05025955849058328,0.008624545412073099
CD202,IRR,2017-02-23,dia2,3,B3,manha + tarde,manha + tarde,condicao_genotipo_turno,LDA,2,10,IRR|CD202|manha + tarde,NIRR|EMB48|manha + tarde,False,0.0003056298541457458,1.4707495684997094e-08,0.0099507949865133,3.574838384292517e-07,0.015384045540059867,5.608472112734746e-07,0.005312011722426887,0.005276546332268184,0.16028107246692286,0.23081257612886488,0.3430119091463945,0.22966448078385826
CD202,IRR,2017-02-23,dia2,4,B4,manha + tarde,manha + tarde,condicao_genotipo_turno,LDA,2,2,IRR|CD202|manha + tarde,IRR|CD202|manha + tarde,True,0.2580860037700524,0.007717575115916973,0.2868490588728653,0.00038733281280590553,0.24655310992334808,8.234045210409594e-05,0.07614821917788048,0.045824761150892526,0.05168595798151884,0.02614976888048674,0.00025985178442110496,0.0002560200777074643
CD202,NIRR,2017-02-23,dia2,1,B1,manha + tarde,manha + tarde,condicao_genotipo_turno,LDA,8,8,NIRR|CD202|manha + tarde,NIRR|CD202|manha + tarde,True,0.0329757603804446,1.307145900044611e-05,0.0507153370074536,6.561793660517381e-07,0.0708939214319338,2.0040900643857598e-07,0.06669820644241232,0.08094587136373114,0.29267339436444184,0.2782552205394893,0.10028391191173434,0.02654444851098605
CD202,NIRR,2017-02-23,dia2,2,B2,manha + tarde,manha + tarde,condicao_genotipo_turno,LDA,8,8,NIRR|CD202|manha + tarde,NIRR|CD202|manha + tarde,True,0.033439444635726075,3.9475501715745965e-05,0.05730390924401088,1.243192384999279e-06,0.05302943387863975,1.0653689960878655e-07,0.1653199085218605,0.2305735964172201,0.24392112255667478,0.20685119941199967,0.004874883498527365,0.004645676604340607
CD202,NIRR,2017-02-23,dia2,3,B3,manha + tarde,manha + tarde,condicao_genotipo_turno,LDA,8,8,NIRR|CD202|manha + tarde,NIRR|CD202|manha + tarde,True,0.0013979941138763914,1.943747698638918e-08,0.0291565130811568,1.8935191532029357e-07,0.008356806466115769,1.4113772912195392e-07,0.03751435965733316,0.08106143843061206,0.4022951855381386,0.32916646664709737,0.10751534993859839,0.0035355361999500133
CD202,NIRR,2017-02-23,dia2,4,B4,manha + tarde,manha + tarde,condicao_genotipo_turno,LDA,8,8,NIRR|CD202|manha + tarde,NIRR|CD202|manha + tarde,True,0.0019571545424618927,6.324293149056198e-08,0.01209751556256888,7.752327163393226e-08,0.005259284424766507,6.681224874453828e-08,0.02193207036134142,0.17874514131052513,0.2868319442871161,0.2795900505707826,0.13530065954274004,0.07828597181924553
EMB48,IRR,2017-02-23,dia2,1,B1,manha + tarde,manha + tarde,condicao_genotipo_turno,LDA,4,8,IRR|EMB48|manha + tarde,NIRR|CD202|manha + tarde,False,0.012124755856284862,3.820939142118861e-06,0.20618297254327858,2.3640175853135894e-05,0.07851932798404591,2.2496694643643072e-05,0.03922200782460554,0.04968045705764825,0.27736968616110896,0.271745500034609,0.06394464668627912,0.0011606880425009778
EMB48,IRR,2017-02-23,dia2,2,B2,manha + tarde,manha + tarde,condicao_genotipo_turno,LDA,4,4,IRR|EMB48|manha + tarde,IRR|EMB48|manha + tarde,True,0.16516577283590023,0.002530461211057605,0.25451370922496463,0.00014122980485121978,0.3120821154537973,2.4727598533121224e-05,0.08121870960485598,0.053865719085809734,0.07369647542400388,0.054876416804978505,0.0008426689911870299,0.0010419939600607667
EMB48,IRR,2017-02-23,dia2,3,B3,manha + tarde,manha + tarde,condicao_genotipo_turno,LDA,4,4,IRR|EMB48|manha + tarde,IRR|EMB48|manha + tarde,True,0.2213813714312868,0.006178730137885352,0.23903673590375366,0.0003527052910605182,0.44810515116260674,0.00023125300524429187,0.02546553808358201,0.005472625711569369,0.021282314743798568,0.026568925456436583,0.0052984461056172025,0.0006262029671589204
EMB48,IRR,2017-02-23,dia2,4,B4,manha + tarde,manha + tarde,condicao_genotipo_turno,LDA,4,9,IRR|EMB48|manha + tarde,NIRR|CD202|unico,False,0.004383823961508226,2.838910474051904e-07,0.044017787866053995,1.2056293327458073e-06,0.0458797338739478,1.6408724912532144e-06,0.033000541338549606,0.038457802510536834,0.2665616790450517,0.3030512506377838,0.1692936247098955,0.0953506256638012
EMB48,NIRR,2017-02-23,dia2,1,B1,manha + tarde,manha + tarde,condicao_genotipo_turno,LDA,10,11,NIRR|EMB48|manha + tarde,NIRR|EMB48|unico,False,3.5133085039118964e-08,5.35026752131723e-13,0.00016770160350377243,6.354583846977556e-11,1.1329347902472943e-05,2.336561252468283e-10,9.392174121422434e-06,9.975632483818108e-05,0.03578921657262437,0.017693324698736412,0.3342193387090237,0.6120099051384276
EMB48,NIRR,2017-02-23,dia2,2,B2,manha + tarde,manha + tarde,condicao_genotipo_turno,LDA,10,8,NIRR|EMB48|manha + tarde,NIRR|CD202|manha + tarde,False,0.028741601476067042,0.0001036275073636651,0.127361588825401,1.230394418581735e-05,0.08016765795054286,1.167528621508723e-06,0.06797086700334821,0.14076290930406304,0.3005839335713284,0.22908708635260147,0.012649925938324617,0.012557330598152325
EMB48,NIRR,2017-02-23,dia2,3,B3,manha + tarde,manha + tarde,condicao_genotipo_turno,LDA,10,11,NIRR|EMB48|manha + tarde,NIRR|EMB48|unico,False,8.756992542927684e-07,4.68044749353337e-10,0.0006633262702857659,3.707962549856007e-09,0.0002733062890635232,2.502389897380038e-10,9.731064747385796e-06,0.0003282282263266292,0.06485020956524126,0.04408891798908213,0.2528708945964597,0.6369145058732929
EMB48,NIRR,2017-02-23,dia2,4,B4,manha + tarde,manha + tarde,condicao_genotipo_turno,LDA,10,10,NIRR|EMB48|manha + tarde,NIRR|EMB48|manha + tarde,True,4.4856251684175123e-07,8.422464885397443e-12,9.899706306740805e-05,2.036766947322043e-09,0.0001219106307794187,2.519128437108553e-09,4.70536658973479e-05,0.00021824349462396222,0.03009563831632288,0.058947761565984726,0.47725474982230437,0.4332151923141852
BR16,IRR,2017-02-24,dia3,1,B1,manha + tarde,manha + tarde,condicao_genotipo_turno,LDA,0,0,IRR|BR16|manha + tarde,IRR|BR16|manha + tarde,True,0.7181013648123793,0.019461399476541123,0.035412094014182535,3.287427122428276e-05,0.08307578564928482,1.504759848304059e-05,0.1294900336652368,0.011665399597844255,0.0020329635023327943,0.0007123788904010606,3.0292809274170333e-07,3.555939970155794e-07
BR16,IRR,2017-02-24,dia3,2,B2,manha + tarde,manha + tarde,condicao_genotipo_turno,LDA,0,0,IRR|BR16|manha + tarde,IRR|BR16|manha + tarde,True,0.38960437463928344,4.434746793549854e-05,0.15952563250413052,3.7843652123776473e-06,0.13228019615049114,5.948116529558003e-06,0.25543443925558335,0.0357439958001727,0.016397435809883683,0.01055170914295767,0.0003013846540629291,0.00010675209375725517
BR16,IRR,2017-02-24,dia3,3,B3,manha + tarde,manha + tarde,condicao_genotipo_turno,LDA,0,0,IRR|BR16|manha + tarde,IRR|BR16|manha + tarde,True,0.6708080747793989,9.337351937455159e-05,0.02338216519391423,4.935156096914155e-05,0.04237298554729598,4.83405312629536e-06,0.21429934322618305,0.043944953040318556,0.0016685766082081047,0.0033697577190019124,6.583686395913336e-06,1.0658134403053362e-09
BR16,IRR,2017-02-24,dia3,4,B4,manha + tarde,manha + tarde,condicao_genotipo_turno,LDA,0,1,IRR|BR16|manha + tarde,IRR|BR16|unico,False,0.005538241796192165,0.8160545796033205,0.006065687337836489,0.05651610390090869,0.006965183583039003,0.1088525129833746,7.045913841350498e-06,1.694446891720795e-07,2.6003932665477027e-07,2.0095677920852682e-07,1.3982953479483052e-08,4.5773900804338817e-10
BR16,NIRR,2017-02-24,dia3,1,B1,manha + tarde,manha + tarde,condicao_genotipo_turno,LDA,6,7,NIRR|BR16|manha + tarde,NIRR|BR16|unico,False,0.007957087803360326,1.1753111554219598e-08,0.008204181112569977,3.4379851975367296e-08,0.004127669299530343,9.055271854989453e-09,0.2928520343956003,0.4024734812203566,0.15154013798210098,0.12754420542352238,0.0052728298762617035,2.8317698462038356e-05
BR16,NIRR,2017-02-24,dia3,2,B2,manha + tarde,manha + tarde,condicao_genotipo_turno,LDA,6,7,NIRR|BR16|manha + tarde,NIRR|BR16|unico,False,0.01616836112414133,1.937901520612658e-08,0.0018954418518950119,1.4595451982375989e-10,0.00041146169478676594,1.2520684282692248e-10,0.16941336987540145,0.7725870356905672,0.026314448518497853,0.012682526636458592,0.00033833236670738657,0.00018900259136767845
BR16,NIRR,2017-02-24,dia3,3,B3,manha + tarde,manha + tarde,condicao_genotipo_turno,LDA,6,9,NIRR|BR16|manha + tarde,NIRR|CD202|unico,False,0.07145164301427896,5.160127261337907e-06,0.019840113170794593,6.919359521569943e-08,0.04841425512495557,2.6621177198684847e-08,0.18161280302026966,0.11722817577821923,0.21145509172070917,0.28073696189269776,0.058840276765356386,0.010415423570684942
BR16,NIRR,2017-02-24,dia3,4,B4,manha + tarde,manha + tarde,condicao_genotipo_turno,LDA,6,6,NIRR|BR16|manha + tarde,NIRR|BR16|manha + tarde,True,0.04090800927841736,1.7780862590508793e-05,0.011458504460511285,6.172357253829906e-08,0.01028605548291203,6.9896888308644456e-09,0.4336914894900397,0.34641796289230137,0.10767424798862929,0.04913219617786136,0.00022144876899235865,0.00019223588448323542
CD202,IRR,2017-02-24,dia3,1,B1,manha + tarde,manha + tarde,condicao_genotipo_turno,LDA,2,8,IRR|CD202|manha + tarde,NIRR|CD202|manha + tarde,False,0.014545103692483847,1.388123090272126e-05,0.2257507452505639,7.670128114578945e-05,0.057248120456161594,5.960317859400859e-05,0.04508617566963362,0.06952580849082672,0.3316338978990183,0.21262621290140413,0.042666539785439536,0.0007672101638258293
CD202,IRR,2017-02-24,dia3,2,B2,manha + tarde,manha + tarde,condicao_genotipo_turno,LDA,2,2,IRR|CD202|manha + tarde,IRR|CD202|manha + tarde,True,0.01491363740722697,0.07656638840319543,0.39615136064024004,0.08691861570357111,0.37283352816739085,0.04822909235741851,0.00021249825515658733,5.406431437068487e-05,0.0015439808095635587,0.0016812373802899626,0.0007705470792013447,0.00012504948237512564
CD202,IRR,2017-02-24,dia3,3,B3,manha + tarde,manha + tarde,condicao_genotipo_turno,LDA,2,10,IRR|CD202|manha + tarde,NIRR|EMB48|manha + tarde,False,0.0012194889624245104,9.556082204749424e-06,0.11454676252910778,0.0005174177340099616,0.15435136770434404,0.000601801781355891,0.0013727083763587285,0.0024563770964242484,0.09768199876664604,0.15959225921390197,0.3344478824529594,0.1332023793002628
CD202,IRR,2017-02-24,dia3,4,B4,manha + tarde,manha + tarde,condicao_genotipo_turno,LDA,2,1,IRR|CD202|manha + tarde,IRR|BR16|unico,False,0.03607729448617969,0.5854050683969991,0.034333603318029135,0.14227934314511664,0.06536691347766242,0.13649242419329716,3.263414251787898e-05,3.057804094913317e-06,6.4312480142844915e-06,3.202820032385777e-06,1.100146185794497e-08,1.5966594503983167e-08
CD202,NIRR,2017-02-24,dia3,1,B1,manha + tarde,manha + tarde,condicao_genotipo_turno,LDA,8,8,NIRR|CD202|manha + tarde,NIRR|CD202|manha + tarde,True,0.002448968504591268,1.0947362172433293e-07,0.006109590941776331,7.48063547263584e-09,0.00818139319447128,1.4864005656166717e-09,0.019517506940490703,0.0576853958520276,0.32450594714203773,0.31789401939685413,0.18320867268674376,0.08044838690034946
CD202,NIRR,2017-02-24,dia3,2,B2,manha + tarde,manha + tarde,condicao_genotipo_turno,LDA,8,9,NIRR|CD202|manha + tarde,NIRR|CD202|unico,False,7.865546396443755e-05,2.1594632280960697e-08,0.003454320689964025,1.451938817462631e-08,0.0014201830778072383,3.898612310650852e-10,0.0023628828393671615,0.029228137616787137,0.18910568953536508,0.316839281397218,0.24534393045966899,0.21216688241597617
CD202,NIRR,2017-02-24,dia3,3,B3,manha + tarde,manha + tarde,condicao_genotipo_turno,LDA,8,10,NIRR|CD202|manha + tarde,NIRR|EMB48|manha + tarde,False,2.55856404256467e-06,5.565467743193811e-12,0.0010511648271729166,2.490837264344773e-10,0.00013312983505389393,4.2033819852649433e-10,0.0007326371812539341,0.004744921755609776,0.21741411778714032,0.1327502667576591,0.46331708422111856,0.1798541183959615
CD202,NIRR,2017-02-24,dia3,4,B4,manha + tarde,manha + tarde,condicao_genotipo_turno,LDA,8,8,NIRR|CD202|manha + tarde,NIRR|CD202|manha + tarde,True,0.002454781594941107,6.828137754435946e-09,0.008179014164275012,7.464559197301586e-09,0.005606525802111834,9.637967331964854e-09,0.08101368998194158,0.13212096413939234,0.31714287950941855,0.2946921448144513,0.09217590794651707,0.06661406811628705
EMB48,IRR,2017-02-24,dia3,1,B1,manha + tarde,manha + tarde,condicao_genotipo_turno,LDA,4,2,IRR|EMB48|manha + tarde,IRR|CD202|manha + tarde,False,0.050404012298068325,0.00608015260087034,0.49190112464473595,0.023898646475227686,0.39521602272864254,0.02046634076695866,0.0015267944623304267,0.0004653949531890215,0.0028464297551871473,0.006661192076074672,0.000532206648106546,1.6825906087058125e-06
EMB48,IRR,2017-02-24,dia3,2,B2,manha + tarde,manha + tarde,condicao_genotipo_turno,LDA,4,1,IRR|EMB48|manha + tarde,IRR|BR16|unico,False,0.08230970028265788,0.3970384689310505,0.12852801092757224,0.11507951370679151,0.19997349912571022,0.076623116858244,0.00024348810925190305,4.1345903423485406e-05,0.00010464087768351564,5.724752049961148e-05,3.9480788993984626e-07,5.729492252049823e-07
EMB48,IRR,2017-02-24,dia3,3,B3,manha + tarde,manha + tarde,condicao_genotipo_turno,LDA,4,4,IRR|EMB48|manha + tarde,IRR|EMB48|manha + tarde,True,0.08814794003093394,0.029713469896297685,0.35651811952835955,0.0058854028318396125,0.49546790782354655,0.003760330427683395,0.003564128805187524,0.000748890684168673,0.006431274687125931,0.007486870439995558,0.0020177076466898884,0.00025795719817165493
EMB48,IRR,2017-02-24,dia3,4,B4,manha + tarde,manha + tarde,condicao_genotipo_turno,LDA,4,4,IRR|EMB48|manha + tarde,IRR|EMB48|manha + tarde,True,0.016664223747697906,4.3015425684097334e-05,0.29919370055396416,0.00055324512738014,0.5567384621412029,0.000958325144800072,0.011016857193780656,0.001624364595325213,0.03766614628676828,0.04805488740412226,0.020146290029364383,0.007340482349909958
EMB48,NIRR,2017-02-24,dia3,1,B1,manha + tarde,manha + tarde,condicao_genotipo_turno,LDA,10,11,NIRR|EMB48|manha + tarde,NIRR|EMB48|unico,False,3.7430644383240614e-11,5.923571809016191e-16,1.6190889651854962e-06,1.5318140562935879e-13,4.642442351327889e-08,1.2767370861418894e-12,4.4327787949975243e-08,1.2492836022451771e-06,0.0023792348878412424,0.0006153189619173535,0.0707963112777244,0.926206175708877
EMB48,NIRR,2017-02-24,dia3,2,B2,manha + tarde,manha + tarde,condicao_genotipo_turno,LDA,10,7,NIRR|EMB48|manha + tarde,NIRR|BR16|unico,False,0.0141478324141406,5.901990005826208e-06,0.019083338945549606,1.0617457939206895e-07,0.015437987726753356,8.101322916996796e-09,0.18364134353588335,0.31220820997199533,0.2584350299291974,0.18882308561453853,0.004196092552179116,0.004021063043854459
EMB48,NIRR,2017-02-24,dia3,3,B3,manha + tarde,manha + tarde,condicao_genotipo_turno,LDA,10,11,NIRR|EMB48|manha + tarde,NIRR|EMB48|unico,False,5.0401930205536815e-12,1.3534344731579737e-15,3.6772422801996266e-07,1.5076150085228998e-12,3.320040672158642e-07,4.432535215438016e-14,4.901616806103197e-11,4.90505935994005e-09,0.0003256270383385414,0.0010955645423368083,0.07306498250076797,0.9255131212295924
EMB48,NIRR,2017-02-24,dia3,4,B4,manha + tarde,manha + tarde,condicao_genotipo_turno,LDA,10,11,NIRR|EMB48|manha + tarde,NIRR|EMB48|unico,False,6.513431065362092e-08,4.831074386995903e-13,2.3446577562763205e-05,2.782964987081049e-10,3.4595059454481455e-05,3.830830237492994e-10,1.56729407249135e-05,5.5477328009099155e-05,0.017110461964019327,0.0371881655581542,0.458522764676889,0.48704935009901296
BR16,IRR,2017-02-25,dia4,1,B1,unico,unico,condicao_genotipo_turno,LDA,1,1,IRR|BR16|unico,IRR|BR16|unico,True,0.0019268121173727124,0.42630109505396474,0.001462011098538174,0.19438683717396585,0.0006478143190164852,0.37527503930414485,2.87943833725483e-07,3.09982580343896e-08,6.387575875418296e-08,8.085306530453598e-09,1.6222851778478843e-11,1.3617041794177691e-11
BR16,IRR,2017-02-25,dia4,2,B2,unico,unico,condicao_genotipo_turno,LDA,1,0,IRR|BR16|unico,IRR|BR16|manha + tarde,False,0.4043680117180174,0.0030515294435490823,0.2765467570537505,0.00042887264956498655,0.2910854664491758,0.0006644375297953486,0.020485805375856883,0.0015818498885081832,0.0010417394825275998,0.0007225266107544689,1.880877207684891e-05,4.19502642287987e-06
BR16,IRR,2017-02-25,dia4,3,B3,unico,unico,condicao_genotipo_turno,LDA,1,0,IRR|BR16|unico,IRR|BR16|manha + tarde,False,0.8593868856337565,0.003510703214487715,0.029583693869061956,0.0012243874627491326,0.053351620907386176,0.00015285591886652716,0.0450299506080331,0.006858039981432143,0.00031970035852056346,0.0005812136368920479,9.482994706687124e-07,1.0934316694452067e-10
BR16,IRR,2017-02-25,dia4,4,B4,unico,unico,condicao_genotipo_turno,LDA,1,1,IRR|BR16|unico,IRR|BR16|unico,True,8.867621592951214e-06,0.3691581464611998,0.0006897662834577503,0.26419852288220547,7.815456767372388e-05,0.36586652800684055,9.565513210006948e-09,1.9290139312215858e-09,2.3973805558102035e-09,2.339137512846325e-10,4.65989140594176e-11,4.609314421592503e-12
BR16,NIRR,2017-02-25,dia4,1,B1,unico,unico,condicao_genotipo_turno,LDA,7,7,NIRR|BR16|unico,NIRR|BR16|unico,True,0.01679493992728298,4.135597632082134e-06,0.002862144969547322,7.780203948727623e-09,0.0010028039297029735,8.961930482463956e-10,0.3925448037018208,0.47510006938671445,0.09287467480388312,0.018725701375473785,5.729123026047905e-05,3.342640128501777e-05
BR16,NIRR,2017-02-25,dia4,2,B2,unico,unico,condicao_genotipo_turno,LDA,7,6,NIRR|BR16|unico,NIRR|BR16|manha + tarde,False,0.028813957472740258,5.049680595361034e-09,0.0018749150486987414,3.8236655629612856e-11,0.0006743560202910376,5.071917351418957e-11,0.5864424873265385,0.3512178600820193,0.02104206672897574,0.00969521568569496,0.0001454741736991717,9.366232270609579e-05
BR16,NIRR,2017-02-25,dia4,3,B3,unico,unico,condicao_genotipo_turno,LDA,7,8,NIRR|BR16|unico,NIRR|CD202|manha + tarde,False,0.07106449425199987,1.6410148536036417e-05,0.04096541730668417,3.479266580990523e-07,0.06781161667023757,1.262467817580087e-07,0.15189182406123872,0.13038436816151383,0.2389614526629462,0.23091019149589034,0.056561016714362526,0.01143273435315086
BR16,NIRR,2017-02-25,dia4,4,B4,unico,unico,condicao_genotipo_turno,LDA,7,8,NIRR|BR16|unico,NIRR|CD202|manha + tarde,False,0.0014689923682019432,1.6929403067385417e-08,0.0062759354032097935,5.751328974705457e-08,0.0010979993937615033,2.7443428319106395e-08,0.10708774371636794,0.3652464181215637,0.391176505206771,0.11271414146861915,0.014609271669492215,0.00032289076589161987
CD202,IRR,2017-02-25,dia4,1,B1,unico,unico,condicao_genotipo_turno,LDA,3,3,IRR|CD202|unico,IRR|CD202|unico,True,6.293967394583886e-05,0.1310255313420319,0.01043367755781572,0.4766592675012367,0.0033744059113595946,0.3784431579253306,1.0972363557416788e-07,2.4644335717307896e-08,5.378775112496044e-07,2.244123307937944e-07,1.0721689244743583e-07,1.6213573701710147e-08
CD202,IRR,2017-02-25,dia4,2,B2,unico,unico,condicao_genotipo_turno,LDA,3,4,IRR|CD202|unico,IRR|EMB48|manha + tarde,False,0.021767339465853984,0.001496282496901404,0.33240775960702956,0.01259158216145899,0.6048362660870783,0.019885136611103436,0.0014135822847539026,0.00013565898250219688,0.002128021892572026,0.002575965218535658,0.0006166870227644643,0.00014571816944616657
CD202,IRR,2017-02-25,dia4,3,B3,unico,unico,condicao_genotipo_turno,LDA,3,5,IRR|CD202|unico,IRR|EMB48|unico,False,1.6473788390022175e-07,0.014347721558393948,0.00013639957472201533,0.15682457707486097,6.177538967310674e-05,0.8286293580848548,6.603481770781581e-12,1.0320794677182272e-12,5.70602120093259e-10,1.720186658297856e-09,1.2686506904899318e-09,1.2536139143025165e-11
CD202,IRR,2017-02-25,dia4,4,B4,unico,unico,condicao_genotipo_turno,LDA,3,5,IRR|CD202|unico,IRR|EMB48|unico,False,0.0020567763559508298,0.346041098265972,0.0028969755820183493,0.2556442622038675,0.0038009087823837654,0.38955956815989473,2.825408416880139e-07,2.3366201986077707e-08,7.716310170956209e-08,2.7339628691197704e-08,1.0237639175318583e-10,1.3776220276941382e-10
CD202,NIRR,2017-02-25,dia4,1,B1,unico,unico,condicao_genotipo_turno,LDA,9,9,NIRR|CD202|unico,NIRR|CD202|unico,True,0.0007025425584092366,1.2805642488926571e-09,0.005605767571288894,7.028733544474227e-09,0.0065830889261160675,1.1978723747661256e-08,0.042713264753707764,0.024019468798136216,0.2804002844814655,0.31710496159312856,0.1769021389794897,0.1459684620502366
CD202,NIRR,2017-02-25,dia4,2,B2,unico,unico,condicao_genotipo_turno,LDA,9,9,NIRR|CD202|unico,NIRR|CD202|unico,True,0.058390188443268196,0.00012216449022763932,0.10667290289066558,4.5618140273350975e-06,0.18932642098765884,4.443181340061038e-07,0.14307766963158364,0.1263666803937935,0.15825229903601726,0.206995546184826,0.004714629264764835,0.006076492545033209
CD202,NIRR,2017-02-25,dia4,3,B3,unico,unico,condicao_genotipo_turno,LDA,9,10,NIRR|CD202|unico,NIRR|EMB48|manha + tarde,False,9.359854039075237e-06,3.419758172718034e-11,0.00401120404897969,1.8435383574483326e-09,0.000975360092221623,3.2907341338944034e-09,0.0006716092068701805,0.0022046031738967562,0.13322790094121217,0.18334105300155598,0.5516696659612503,0.123889238551504
CD202,NIRR,2017-02-25,dia4,4,B4,unico,unico,condicao_genotipo_turno,LDA,9,9,NIRR|CD202|unico,NIRR|CD202|unico,True,0.003713923576179556,2.167963883472794e-06,0.030973483208500806,5.329223497040791e-07,0.040178456942873836,1.2042607470592827e-07,0.007455819973951653,0.01584601658958618,0.26135263129857605,0.3006256571865725,0.23352899777163547,0.10632219213981604
EMB48,IRR,2017-02-25,dia4,1,B1,unico,unico,condicao_genotipo_turno,LDA,5,3,IRR|EMB48|unico,IRR|CD202|unico,False,9.302680878599169e-07,0.08543029974712346,3.261183633944913e-05,0.4816878779402583,5.335887248588135e-05,0.4327949213021658,9.853250488132851e-12,1.6961836067553716e-12,9.102817801061298e-12,1.1305182882516293e-11,1.509800692386529e-12,7.178634027247408e-14
EMB48,IRR,2017-02-25,dia4,2,B2,unico,unico,condicao_genotipo_turno,LDA,5,5,IRR|EMB48|unico,IRR|EMB48|unico,True,0.00030566006247574856,0.11175816479871703,0.0014722167135146843,0.3775943406481944,0.0018079155950792606,0.5070616405817764,2.4014090543139408e-08,2.9917168012848058e-09,2.3069388452871473e-08,1.1204464392610024e-08,1.302357169740968e-10,1.9034665621379504e-10
EMB48,IRR,2017-02-25,dia4,3,B3,unico,unico,condicao_genotipo_turno,LDA,5,1,IRR|EMB48|unico,IRR|BR16|unico,False,4.475112151550571e-06,0.346214030131518,2.0960773400338908e-05,0.31888110593088964,2.3061581955854225e-05,0.3348563663509302,4.443329455712259e-11,2.376628902361184e-12,1.8854934561132337e-11,5.262204193903246e-11,8.671895442661727e-13,2.5891837483588426e-16
EMB48,IRR,2017-02-25,dia4,4,B4,unico,unico,condicao_genotipo_turno,LDA,5,3,IRR|EMB48|unico,IRR|CD202|unico,False,0.0018489555483071525,0.09647766826960755,0.1439317642277232,0.3735866465099658,0.14585836255732978,0.23794176932007308,6.718083111475437e-06,1.1403586854249345e-06,0.000101715875435071,0.00014370657011975794,8.723144830138522e-05,1.4321231340650211e-05
EMB48,NIRR,2017-02-25,dia4,1,B1,unico,unico,condicao_genotipo_turno,LDA,11,11,NIRR|EMB48|unico,NIRR|EMB48|unico,True,4.3191010204352125e-07,8.862799643010461e-11,0.00020018763118618006,8.958837488716351e-10,0.00022794238383480996,7.422253536693682e-11,2.534104623951273e-06,3.5709375407868765e-05,0.024970645279316212,0.047905433871924634,0.29047597021474164,0.6361811441701285
EMB48,NIRR,2017-02-25,dia4,2,B2,unico,unico,condicao_genotipo_turno,LDA,11,9,NIRR|EMB48|unico,NIRR|CD202|unico,False,0.03616946118643431,8.294092657551963e-07,0.16068623781338348,4.706712429808374e-06,0.14553398006911616,2.380671163901177e-06,0.1095077688444687,0.07044422021233532,0.13470842746472203,0.31600032553367097,0.026791742386360957,0.00014991969664863967
EMB48,NIRR,2017-02-25,dia4,3,B3,unico,unico,condicao_genotipo_turno,LDA,11,10,NIRR|EMB48|unico,NIRR|EMB48|manha + tarde,False,1.5434064957322022e-08,3.260901383945482e-11,4.93031063118058e-05,1.8704875144757482e-07,0.00011184071986545445,2.2579808749893128e-07,3.538410696459893e-07,2.639809021322669e-06,0.003561205340299645,0.011192967651909943,0.5756744671915093,0.40940679402649993
EMB48,NIRR,2017-02-25,dia4,4,B4,unico,unico,condicao_genotipo_turno,LDA,11,11,NIRR|EMB48|unico,NIRR|EMB48|unico,True,4.909949842639569e-05,6.1732007121917385e-09,0.0018265795636756934,2.4855188946286985e-09,0.0027099976412420816,5.845185314298071e-11,0.0018785686055438526,0.012683667552723087,0.07851424645249341,0.32937137400019106,0.23344977667557276,0.3395166812929602
BR16,IRR,2017-02-26,dia5,1,B1,unico,unico,condicao_genotipo_turno,LDA,1,5,IRR|BR16|unico,IRR|EMB48|unico,False,8.107287290791852e-09,0.0039041443692332156,4.0613435805346046e-08,0.1195395141208912,1.444752803116348e-08,0.876556278341621,1.8226657458963717e-15,9.756884157411767e-17,1.418549195815782e-15,1.5271854140243639e-16,7.1157504355628505e-19,7.050291775459882e-19
BR16,IRR,2017-02-26,dia5,2,B2,unico,unico,condicao_genotipo_turno,LDA,1,4,IRR|BR16|unico,IRR|EMB48|manha + tarde,False,0.3154393054614568,0.0003277015887100673,0.26233824363174235,9.220056498285564e-05,0.3547523394360845,0.00017681457111365083,0.05870183992257237,0.0022587982439178805,0.0033357921391929026,0.0024731833468631596,8.074147222000791e-05,2.3039621143300234e-05
BR16,IRR,2017-02-26,dia5,3,B3,unico,unico,condicao_genotipo_turno,LDA,1,0,IRR|BR16|unico,IRR|BR16|manha + tarde,False,0.7153469278060248,0.005534665267121947,0.09078946576627732,0.0038197962081034523,0.14744654076626518,0.0006705458123806164,0.029400383962342132,0.004740182553069242,0.0006857502692967837,0.0015598894846093213,5.8508148560480145e-06,1.2896528909908787e-09
BR16,IRR,2017-02-26,dia5,4,B4,unico,unico,condicao_genotipo_turno,LDA,1,1,IRR|BR16|unico,IRR|BR16|unico,True,0.00019421095489271866,0.49225125517911544,0.00203385418621155,0.19384656569125983,0.001121927171132923,0.31055201556445533,1.3072259195596212e-07,6.057577425645976e-09,2.2182190810942793e-08,1.0774650940475923e-08,1.4408882868562287e-09,7.503281524604361e-11
BR16,NIRR,2017-02-26,dia5,1,B1,unico,unico,condicao_genotipo_turno,LDA,7,7,NIRR|BR16|unico,NIRR|BR16|unico,True,0.02195310771994593,7.778664869839384e-06,0.00724991825003757,3.2062332014554534e-08,0.0034739451020788965,3.2893672652522242e-09,0.3470875483775813,0.43822551142475985,0.13791150439887495,0.043686987347990466,0.00024196551730588847,0.00016169784485632016
BR16,NIRR,2017-02-26,dia5,2,B2,unico,unico,condicao_genotipo_turno,LDA,7,7,NIRR|BR16|unico,NIRR|BR16|unico,True,0.0011400543468938031,3.671787706262148e-11,0.000481898040342644,3.1207423768519932e-12,0.00018776063766313164,3.904016527978322e-12,0.23093456107734425,0.47836370395392624,0.16377239734905086,0.10555912777528387,0.009859336222395229,0.009701160553357346
BR16,NIRR,2017-02-26,dia5,3,B3,unico,unico,condicao_genotipo_turno,LDA,7,9,NIRR|BR16|unico,NIRR|CD202|unico,False,0.017304867855195145,4.332669092627042e-07,0.007532702741847709,7.492678829371534e-09,0.015192200652252347,2.1086802649893137e-09,0.10410968152228138,0.131272675722505,0.27969828063688196,0.328967691276053,0.09316571617979949,0.02275574054491576
BR16,NIRR,2017-02-26,dia5,4,B4,unico,unico,condicao_genotipo_turno,LDA,7,8,NIRR|BR16|unico,NIRR|CD202|manha + tarde,False,9.273900851098686e-05,3.0170235604521096e-11,0.0008802640816332304,2.410794480663748e-10,0.00013850785949292972,1.0909001678560418e-10,0.05309602726913659,0.28100699517063976,0.45941487399178077,0.1601003094799543,0.04306323742579222,0.002207045332719526
CD202,IRR,2017-02-26,dia5,1,B1,unico,unico,condicao_genotipo_turno,LDA,3,3,IRR|CD202|unico,IRR|CD202|unico,True,0.0006764362438428936,0.15064028913217237,0.09684263162223242,0.44974397126700333,0.03406171317029044,0.26796763540385654,3.9359473510312795e-06,1.537289531120934e-06,3.514911744106865e-05,1.578332121194599e-05,9.104249171324402e-06,1.8132358955018405e-06
CD202,IRR,2017-02-26,dia5,2,B2,unico,unico,condicao_genotipo_turno,LDA,3,5,IRR|CD202|unico,IRR|EMB48|unico,False,0.0002156414868007066,0.10271143051358647,0.0029112132533442906,0.395912406169591,0.005097124240176335,0.4931521300470699,3.304395674267387e-08,1.3447627637053133e-09,9.097500534471507e-09,1.0008788490982986e-08,7.37814308699863e-10,5.6608328431114984e-11
CD202,IRR,2017-02-26,dia5,3,B3,unico,unico,condicao_genotipo_turno,LDA,3,5,IRR|CD202|unico,IRR|EMB48|unico,False,7.775589453982411e-07,0.010666335152852882,0.0008513374533497505,0.15959301228026562,0.0003512076305052149,0.8285372413341958,9.968023328311626e-11,2.0598558483251018e-11,1.2515372068365268e-08,3.736189072036298e-08,3.8015220176510606e-08,5.771234218806091e-10
CD202,IRR,2017-02-26,dia5,4,B4,unico,unico,condicao_genotipo_turno,LDA,3,5,IRR|CD202|unico,IRR|EMB48|unico,False,5.1326301619836884e-05,0.10481096677883107,0.00011490046680727198,0.2682884163258027,0.0001124673431395505,0.6266219213982396,8.905751504396911e-10,6.187585539368189e-11,3.36982389849324e-10,9.525142554773766e-11,3.973652912580671e-13,4.779523200273996e-13
CD202,NIRR,2017-02-26,dia5,1,B1,unico,unico,condicao_genotipo_turno,LDA,9,9,NIRR|CD202|unico,NIRR|CD202|unico,True,0.00017470123051559016,5.5867323464104426e-11,0.0012521120576460254,2.87694898806147e-10,0.001344232382247717,4.913585697031655e-10,0.03254717765814612,0.023731939131871268,0.26702227338742346,0.29842240799189385,0.18685098805158964,0.1886541672737456
CD202,NIRR,2017-02-26,dia5,2,B2,unico,unico,condicao_genotipo_turno,LDA,9,9,NIRR|CD202|unico,NIRR|CD202|unico,True,0.0004813240155639217,3.215467872557817e-07,0.01367160309960852,1.6971264458269558e-07,0.008354041291607732,6.368299774274966e-09,0.00564936141712619,0.03848153971458849,0.21743533844570068,0.37915751036461637,0.16696202021668735,0.16980676380676912
CD202,NIRR,2017-02-26,dia5,3,B3,unico,unico,condicao_genotipo_turno,LDA,9,11,NIRR|CD202|unico,NIRR|EMB48|unico,False,1.0093100673419633e-07,4.3420221526908885e-13,0.00015484997128818495,2.6040834499099793e-11,1.020333685851655e-05,7.938600205439108e-11,6.488013382100425e-05,0.0008321561494494849,0.10410378561507179,0.034118568171993366,0.36303028577837215,0.4976851698062777
CD202,NIRR,2017-02-26,dia5,4,B4,unico,unico,condicao_genotipo_turno,LDA,9,10,NIRR|CD202|unico,NIRR|EMB48|manha + tarde,False,0.0002271682767855668,1.5717275771863373e-07,0.011775641424415282,1.331055607066279e-07,0.008023407298951344,1.8883146518790777e-08,0.0010156704125681352,0.0074828014153426135,0.23654041938901088,0.17509858073077847,0.290404588498862,0.26943141339182086
EMB48,IRR,2017-02-26,dia5,1,B1,unico,unico,condicao_genotipo_turno,LDA,5,4,IRR|EMB48|unico,IRR|EMB48|manha + tarde,False,0.07443121458907119,0.017634093482012798,0.33171687300719443,0.023568812551630777,0.5151799262315718,0.03549729491742685,0.001132205510932106,0.00010471835549239405,0.0003568549589920686,0.00034271399395758347,2.9861151422189807e-05,5.431250295729272e-06
EMB48,IRR,2017-02-26,dia5,2,B2,unico,unico,condicao_genotipo_turno,LDA,5,3,IRR|EMB48|unico,IRR|CD202|unico,False,0.004898040662949084,0.1430045866285739,0.044948605864428295,0.445904666617777,0.07378386196037831,0.2874407674913177,3.385364084772676e-06,8.233389680143712e-07,7.661537129792728e-06,6.99464267250804e-06,2.217878304708257e-07,3.8410389016890724e-07
EMB48,IRR,2017-02-26,dia5,3,B3,unico,unico,condicao_genotipo_turno,LDA,5,5,IRR|EMB48|unico,IRR|EMB48|unico,True,0.00014412952191246914,0.1655124685000809,0.0014209164962085137,0.40722081558933454,0.0022610454301364826,0.4234405771972043,7.526276197015102e-09,4.32423475899945e-10,5.627778620243276e-09,3.262476477774271e-08,1.0533237179610201e-09,5.559580350943462e-13
EMB48,IRR,2017-02-26,dia5,4,B4,unico,unico,condicao_genotipo_turno,LDA,5,5,IRR|EMB48|unico,IRR|EMB48|unico,True,2.6844180473970408e-09,0.005316345101459462,1.003580081409995e-05,0.49057437052203395,2.4511681575218256e-06,0.5040967947144352,1.4219498052883618e-13,1.513230330494255e-14,4.013149445759488e-12,2.138650903284412e-12,2.050038739959816e-12,3.225260960531653e-13
EMB48,NIRR,2017-02-26,dia5,1,B1,unico,unico,condicao_genotipo_turno,LDA,11,11,NIRR|EMB48|unico,NIRR|EMB48|unico,True,3.941133974584029e-09,9.11781719783587e-14,4.317159825720708e-06,2.5789742567575118e-12,6.546523730120345e-06,1.279536427895824e-13,6.087515705684119e-08,1.688229526491851e-06,0.005204235141401935,0.016874195928166396,0.20715764331906256,0.7707513088791976
EMB48,NIRR,2017-02-26,dia5,2,B2,unico,unico,condicao_genotipo_turno,LDA,11,10,NIRR|EMB48|unico,NIRR|EMB48|manha + tarde,False,1.9173506316694972e-05,1.4914433876934528e-10,0.005859215928978395,5.5725362901505776e-09,0.0012099253493279103,9.871024004235915e-09,0.0012429450292442846,0.0044832374055928615,0.2019805393802212,0.19969301350296648,0.486466115059491,0.09904581924515662
EMB48,NIRR,2017-02-26,dia5,3,B3,unico,unico,condicao_genotipo_turno,LDA,11,11,NIRR|EMB48|unico,NIRR|EMB48|unico,True,4.189753584403565e-10,2.90244901088689e-15,5.460406092026476e-07,6.62829956450779e-12,9.391763013915898e-07,8.504069954134685e-12,2.8438988555315733e-07,4.314409927643806e-06,0.00301095445850616,0.00829296220470552,0.4261144660623618,0.5625755328235922
EMB48,NIRR,2017-02-26,dia5,4,B4,unico,unico,condicao_genotipo_turno,LDA,11,9,NIRR|EMB48|unico,NIRR|CD202|unico,False,5.529005619398169e-05,7.07773117008241e-09,0.0018273734988198044,2.962168515788303e-09,0.0005558451062148451,6.797013809400088e-11,0.003395894452952974,0.05167848301513877,0.24652802076908156,0.334728651901885,0.2144072954646554,0.1468231356271879
BR16,IRR,2017-02-27,dia6,1,B1,unico,unico,condicao_genotipo_turno,LDA,1,1,IRR|BR16|unico,IRR|BR16|unico,True,0.002389132163675653,0.6259660114607427,0.0008192556208079936,0.1058200046259891,0.00379856830786105,0.26120688671152503,1.3186555442692273e-07,2.6734108840436666e-09,4.3667751491637425e-09,2.1980065826169153e-09,1.8192790546031536e-12,3.832147814013101e-12
BR16,IRR,2017-02-27,dia6,2,B2,unico,unico,condicao_genotipo_turno,LDA,1,1,IRR|BR16|unico,IRR|BR16|unico,True,3.5867950305277003e-06,0.37757277703855135,1.8989403203072002e-05,0.29009990850548345,3.3740824025523786e-05,0.3322709974241818,8.792850362650663e-12,1.6822497527507462e-13,2.930082981387233e-13,2.6485861759905326e-13,5.169437312949604e-15,1.8668567405411152e-16
BR16,IRR,2017-02-27,dia6,3,B3,unico,unico,condicao_genotipo_turno,LDA,1,1,IRR|BR16|unico,IRR|BR16|unico,True,0.0011966650649863722,0.49466718915788915,0.0005856558248727246,0.36910024944736647,0.001951718704417736,0.13249848217637172,3.083081116474638e-08,8.140548058395827e-10,9.094704552772822e-10,7.045446266139128e-09,2.4311648681488993e-11,1.4904910692207156e-15
BR16,IRR,2017-02-27,dia6,4,B4,unico,unico,condicao_genotipo_turno,LDA,1,5,IRR|BR16|unico,IRR|EMB48|unico,False,3.883619437875033e-05,0.26514836805927583,0.0012296718369976321,0.29705710847019856,0.0006253445802674957,0.4359006377873533,1.7602766866691444e-08,9.6947428608118e-10,8.833115045421231e-09,4.659086195978431e-09,9.437358525793007e-10,6.335022639005996e-11
BR16,NIRR,2017-02-27,dia6,1,B1,unico,unico,condicao_genotipo_turno,LDA,7,6,NIRR|BR16|unico,NIRR|BR16|manha + tarde,False,0.02786334493602965,9.836472028413127e-06,0.00530617876625209,2.23691858422707e-08,0.0026128475570614067,2.7419216659237277e-09,0.42650769324123133,0.41843880707203973,0.09473905871385259,0.024388953216606418,7.914715880718063e-05,5.4107754983755854e-05
BR16,NIRR,2017-02-27,dia6,2,B2,unico,unico,condicao_genotipo_turno,LDA,7,6,NIRR|BR16|unico,NIRR|BR16|manha + tarde,False,0.019416106930211157,3.115045890882199e-09,0.002985284163184869,9.076630212404761e-11,0.0014960986247220104,1.3867535086262083e-10,0.6358423149216127,0.2598489506581603,0.05107077014957319,0.027972394539706253,0.0007991023169633049,0.000568974351378642
BR16,NIRR,2017-02-27,dia6,3,B3,unico,unico,condicao_genotipo_turno,LDA,7,8,NIRR|BR16|unico,NIRR|CD202|manha + tarde,False,0.004804119278454777,9.161263737308988e-08,0.004505637392529162,2.472756493709574e-09,0.006759780655424616,5.566974547956601e-10,0.05190375648830923,0.1269353044367296,0.3304693878742144,0.30656059794818885,0.12391848146996694,0.04414283981409094
BR16,NIRR,2017-02-27,dia6,4,B4,unico,unico,condicao_genotipo_turno,LDA,7,7,NIRR|BR16|unico,NIRR|BR16|unico,True,0.0015996015806770873,3.2229449424602906e-10,0.0018534805194202102,1.1792080058532908e-09,0.0007736498451498418,2.827353825167335e-10,0.237055696162075,0.47202046265575665,0.16303132886176155,0.1174905364129634,0.006125153021628925,5.008915632940726e-05
CD202,IRR,2017-02-27,dia6,1,B1,unico,unico,condicao_genotipo_turno,LDA,3,5,IRR|CD202|unico,IRR|EMB48|unico,False,7.090353275592376e-05,0.34702000809445915,0.0008374408697186847,0.24021011624007224,0.0006768034252241254,0.4111846984831576,1.9885207971384076e-08,5.240887930573176e-10,4.616558831217052e-09,3.777781922753018e-09,5.279992553775708e-10,2.2975648443723946e-11
CD202,IRR,2017-02-27,dia6,2,B2,unico,unico,condicao_genotipo_turno,LDA,3,1,IRR|CD202|unico,IRR|BR16|unico,False,2.0048379235488775e-05,0.37070232852696444,0.00019578841761281061,0.3581738027239295,0.00017741598269696899,0.2707306154242876,2.9646967125923223e-10,7.157404265144446e-11,8.811834148862601e-11,8.448570032861542e-11,4.4106523323735325e-12,2.148560778607262e-13
CD202,IRR,2017-02-27,dia6,3,B3,unico,unico,condicao_genotipo_turno,LDA,3,5,IRR|CD202|unico,IRR|EMB48|unico,False,2.8164078332517197e-06,0.009975074437783147,0.0035429990239154675,0.1519490383818504,0.0010079995911247584,0.8335204072040284,1.4996158879817787e-09,5.277107854108683e-10,2.996440640849371e-07,5.581833332688591e-07,7.837158447595112e-07,2.1382896067260468e-08
CD202,IRR,2017-02-27,dia6,4,B4,unico,unico,condicao_genotipo_turno,LDA,3,1,IRR|CD202|unico,IRR|BR16|unico,False,0.00295433766731367,0.4467965501626872,0.0029232536918842103,0.21159853541921192,0.0073923185105151884,0.32833457336518596,3.4171110545408366e-07,1.7179047772173015e-08,4.726696489630367e-08,2.4860417267447337e-08,6.341610398621055e-11,1.0225057568296992e-10
CD202,NIRR,2017-02-27,dia6,1,B1,unico,unico,condicao_genotipo_turno,LDA,9,8,NIRR|CD202|unico,NIRR|CD202|manha + tarde,False,0.005523201954919939,2.042562638480141e-08,0.011883157237352358,1.1474121948408255e-08,0.007556002611749669,1.4451335940361483e-08,0.12215591029145578,0.2149040602919134,0.2928830824266477,0.25054972730033487,0.05652972128587637,0.03801509024866555
CD202,NIRR,2017-02-27,dia6,2,B2,unico,unico,condicao_genotipo_turno,LDA,9,7,NIRR|CD202|unico,NIRR|BR16|unico,False,0.032696923125914074,2.037050116445384e-05,0.023321595785106116,2.1199705254567582e-07,0.018515872096978834,2.0564439086276403e-08,0.28269689208462623,0.33768057816965297,0.19369164740056893,0.10910567900667545,0.0012032272243197998,0.0010669820435014756
CD202,NIRR,2017-02-27,dia6,3,B3,unico,unico,condicao_genotipo_turno,LDA,9,8,NIRR|CD202|unico,NIRR|CD202|manha + tarde,False,0.00041824027238357924,1.4611459757291352e-10,0.003883576574798148,1.4585802553292956e-09,0.0012468553390561903,6.648325733338345e-10,0.06884730174447647,0.18085454271568382,0.3644774058058357,0.3092318135676612,0.06906754205175125,0.0019727196588261004
CD202,NIRR,2017-02-27,dia6,4,B4,unico,unico,condicao_genotipo_turno,LDA,9,7,NIRR|CD202|unico,NIRR|BR16|unico,False,0.01993351498067675,7.211833375686466e-07,0.008076227372318466,7.727410359799254e-09,0.009792259350843421,2.1208324656387155e-09,0.17663781008584833,0.3205960406325588,0.2526195273131373,0.1637703723446467,0.03899115428705008,0.009582362601339703
EMB48,IRR,2017-02-27,dia6,1,B1,unico,unico,condicao_genotipo_turno,LDA,5,3,IRR|EMB48|unico,IRR|CD202|unico,False,6.156633408724413e-08,0.18583791103703118,1.2851619845417756e-06,0.4483356803735129,1.8867744756050497e-06,0.3658231750865955,4.244373184128479e-14,3.4480000380070766e-15,9.324949128728503e-15,1.0214902464952611e-14,5.173149214170778e-16,1.4640981733021364e-17
EMB48,IRR,2017-02-27,dia6,2,B2,unico,unico,condicao_genotipo_turno,LDA,5,3,IRR|EMB48|unico,IRR|CD202|unico,False,0.001080039180206253,0.08084828508822468,0.01454095233783512,0.5115163679612567,0.01577103606834265,0.3762402464116984,3.873727912990022e-07,1.1482549879907074e-07,1.4400974810258858e-06,1.0226541179818567e-06,4.264736828359916e-08,6.535517888053431e-08
EMB48,IRR,2017-02-27,dia6,3,B3,unico,unico,condicao_genotipo_turno,LDA,5,5,IRR|EMB48|unico,IRR|EMB48|unico,True,5.737926763854654e-06,0.23742352719825993,3.4725621538986704e-05,0.3760460778141564,8.60849543785386e-05,0.38640384640631675,1.9233539857456103e-11,4.865848281069516e-13,5.903540426037277e-12,5.212548659170026e-11,8.362394040867106e-13,1.5266464778215447e-16
EMB48,IRR,2017-02-27,dia6,4,B4,unico,unico,condicao_genotipo_turno,LDA,5,3,IRR|EMB48|unico,IRR|CD202|unico,False,0.00026559265223875946,0.09590812941983524,0.11530489495382934,0.5127554135718736,0.0237586624746519,0.25191972751121267,2.4627260987122003e-06,2.14092850447251e-06,5.215861938515472e-05,1.4462827441763303e-05,1.2483656869942556e-05,3.870658058599841e-06
EMB48,NIRR,2017-02-27,dia6,1,B1,unico,unico,condicao_genotipo_turno,LDA,11,11,NIRR|EMB48|unico,NIRR|EMB48|unico,True,3.196167036666879e-07,8.066171088682033e-12,5.951481943984987e-05,2.8124367180280757e-11,7.369591193375e-05,2.3461348325851596e-12,5.798309924620374e-06,0.00010754230769685697,0.03242664302252258,0.053642576470050794,0.27176603105537667,0.6419178784478146
EMB48,NIRR,2017-02-27,dia6,2,B2,unico,unico,condicao_genotipo_turno,LDA,11,8,NIRR|EMB48|unico,NIRR|CD202|manha + tarde,False,0.0008528665516505531,7.346967180467362e-10,0.00732624899602561,5.807883679596156e-09,0.002669670920972585,3.209010173955069e-09,0.07556975324502342,0.17087848815286588,0.35853770752014685,0.3156429309201689,0.0668469170921799,0.0016754068493758736
EMB48,NIRR,2017-02-27,dia6,3,B3,unico,unico,condicao_genotipo_turno,LDA,11,11,NIRR|EMB48|unico,NIRR|EMB48|unico,True,3.020536315017963e-08,6.957315636750917e-14,4.453546089299643e-06,6.357393189484372e-12,3.619030872913997e-06,6.338399753863326e-12,1.426644125419057e-05,0.0004719951615135888,0.0210013897381707,0.037859365750491376,0.4274599335365404,0.513184946576939
EMB48,NIRR,2017-02-27,dia6,4,B4,unico,unico,condicao_genotipo_turno,LDA,11,10,NIRR|EMB48|unico,NIRR|EMB48|manha + tarde,False,1.2247567035893777e-07,5.809624709872941e-12,3.9203984583658795e-05,2.2577808959222432e-11,1.9150105714297686e-06,2.5480296595113674e-13,4.1650415096887204e-05,0.005797516576231136,0.08915992117238745,0.07295906454876103,0.5792587281447394,0.25274187764331624
BR16,IRR,2017-03-02,dia9,1,B1,manha + tarde,manha + tarde,condicao_genotipo_turno,LDA,0,0,IRR|BR16|manha + tarde,IRR|BR16|manha + tarde,True,0.696746667983696,0.016632523047278545,0.03763748297305944,2.944143311153408e-05,0.08250298421096246,1.3581674366269052e-05,0.14783484348575118,0.014920913750148961,0.002767042145535742,0.0009135116838573468,4.4900864755991274e-07,5.586035850447404e-07
BR16,IRR,2017-03-02,dia9,2,B2,manha + tarde,manha + tarde,condicao_genotipo_turno,LDA,0,0,IRR|BR16|manha + tarde,IRR|BR16|manha + tarde,True,0.30392994244024274,8.245177709415702e-05,0.2382136821572934,1.9739891213578584e-05,0.2762770778729606,3.542135279459529e-05,0.14732371994066995,0.011009768236479901,0.013032751797655142,0.009561006897646666,0.00038409128820960476,0.0001303463477396187
BR16,IRR,2017-03-02,dia9,3,B3,manha + tarde,manha + tarde,condicao_genotipo_turno,LDA,0,4,IRR|BR16|manha + tarde,IRR|EMB48|manha + tarde,False,0.21280510618810602,0.007299614448593431,0.32143053119260445,0.014401300322059435,0.425429724565231,0.006368789454183245,0.005572359602667384,0.001084178408571611,0.001410892510274877,0.004111433671125983,8.599371532705876e-05,7.59212557316033e-08
BR16,IRR,2017-03-02,dia9,4,B4,manha + tarde,manha + tarde,condicao_genotipo_turno,LDA,0,1,IRR|BR16|manha + tarde,IRR|BR16|unico,False,0.02836994007390488,0.570196705110642,0.1664985058008375,0.08093940346855329,0.07936044619669551,0.07399553723844236,0.0003840862197478022,7.62269998715273e-05,0.00012610665716114835,4.470851807048377e-05,7.61209687517252e-06,7.216191983046364e-07
BR16,NIRR,2017-03-02,dia9,1,B1,manha + tarde,manha + tarde,condicao_genotipo_turno,LDA,6,6,NIRR|BR16|manha + tarde,NIRR|BR16|manha + tarde,True,0.02285843036638311,1.1396083526382026e-08,0.0025513527555742627,1.2665858400376766e-08,0.002540151899162936,1.812124911275224e-09,0.524099422115217,0.3946148536723397,0.024870071965232096,0.028223830865988443,0.00024158076133756404,2.797246979725511e-07
BR16,NIRR,2017-03-02,dia9,2,B2,manha + tarde,manha + tarde,condicao_genotipo_turno,LDA,6,6,NIRR|BR16|manha + tarde,NIRR|BR16|manha + tarde,True,0.07429727653036877,3.445934703330133e-08,0.006122428097470107,5.157306049630816e-10,0.003833049581564649,9.067091823902696e-10,0.7753679651081135,0.11577499069548726,0.016280102361236268,0.00814118595345973,0.0001154148630412161,6.755092747173986e-05
BR16,NIRR,2017-03-02,dia9,3,B3,manha + tarde,manha + tarde,condicao_genotipo_turno,LDA,6,0,NIRR|BR16|manha + tarde,IRR|BR16|manha + tarde,False,0.4506247891666303,3.232212039941148e-05,0.008461822947339706,6.664298576972095e-08,0.04193228890588308,4.477445267006774e-08,0.3801554875497931,0.04441624651122497,0.022744844608144906,0.04843923387987503,0.003021167397694268,0.00017168549557683733
BR16,NIRR,2017-03-02,dia9,4,B4,manha + tarde,manha + tarde,condicao_genotipo_turno,LDA,6,6,NIRR|BR16|manha + tarde,NIRR|BR16|manha + tarde,True,0.05283525605607966,1.856313829726485e-05,0.008541900843186269,3.284632088091668e-08,0.012140806170481218,4.012697536468449e-09,0.5484325352819056,0.28073091846320214,0.06317190159721058,0.03395134891046444,8.917563074828501e-05,8.755704940612542e-05
CD202,IRR,2017-03-02,dia9,1,B1,manha + tarde,manha + tarde,condicao_genotipo_turno,LDA,2,1,IRR|CD202|manha + tarde,IRR|BR16|unico,False,0.0002999608652107837,0.5644853138908067,0.0001650629688659707,0.3032187370583478,0.0003332720298693769,0.13149764280340154,8.231580261641508e-09,3.1635182870779337e-10,3.716566459268734e-10,1.4580492232068456e-09,5.859463160106176e-12,5.070948995045884e-16
CD202,IRR,2017-03-02,dia9,2,B2,manha + tarde,manha + tarde,condicao_genotipo_turno,LDA,2,0,IRR|CD202|manha + tarde,IRR|BR16|manha + tarde,False,0.35718122053159324,0.0070596931835543286,0.2162031602906054,0.00018481556701405898,0.2825074605309071,0.00011160698416197735,0.07033515832205398,0.019045336678518918,0.024529267471042716,0.01970797670660917,0.0028460710758472113,0.00028823265809192923
CD202,IRR,2017-03-02,dia9,3,B3,manha + tarde,manha + tarde,condicao_genotipo_turno,LDA,2,4,IRR|CD202|manha + tarde,IRR|EMB48|manha + tarde,False,0.07165177114651666,0.010922248578954314,0.4346925051541808,0.01606624050826668,0.44194977617638,0.018736068378029037,0.0019333627391842129,0.0005849816212464624,0.0016295216119767515,0.001592748102473515,0.00020119323698016228,3.9582745811196155e-05
CD202,IRR,2017-03-02,dia9,4,B4,manha + tarde,manha + tarde,condicao_genotipo_turno,LDA,2,2,IRR|CD202|manha + tarde,IRR|CD202|manha + tarde,True,0.1555313633528577,0.0027890898675775925,0.2892446763446836,0.00020497971269498467,0.2698342498912354,3.4688420069659955e-05,0.0729095108784087,0.05916431682045736,0.08936258399319967,0.05870463709927465,0.0010664376462544225,0.0011534659732862545
CD202,NIRR,2017-03-02,dia9,1,B1,manha + tarde,manha + tarde,condicao_genotipo_turno,LDA,8,8,NIRR|CD202|manha + tarde,NIRR|CD202|manha + tarde,True,0.0010992840215411968,4.785205556506661e-08,0.004730502441031977,3.5245112159634367e-09,0.0040084816003528485,6.125076643904467e-10,0.01639593760481278,0.09588167817134464,0.3852557535764624,0.23126018336758156,0.16350308925850374,0.09786503796929438
CD202,NIRR,2017-03-02,dia9,2,B2,manha + tarde,manha + tarde,condicao_genotipo_turno,LDA,8,9,NIRR|CD202|manha + tarde,NIRR|CD202|unico,False,0.0018511795430072398,1.3670618933260723e-06,0.022807422830912975,3.06404090239052e-07,0.012698838553808808,1.526393250626069e-08,0.0196163154366877,0.09583151357775802,0.32606089852285874,0.3772581341030819,0.07263376676141495,0.07124024194055358
CD202,NIRR,2017-03-02,dia9,3,B3,manha + tarde,manha + tarde,condicao_genotipo_turno,LDA,8,7,NIRR|CD202|manha + tarde,NIRR|BR16|unico,False,0.012251943599090256,1.1890332037901858e-08,0.008675272193102556,3.3515585905153156e-08,0.00566737782943127,7.385834978132362e-09,0.35623219816407325,0.38304080237124116,0.10901323572063867,0.1214773830857911,0.003628591960387815,1.3142284490918523e-05
CD202,NIRR,2017-03-02,dia9,4,B4,manha + tarde,manha + tarde,condicao_genotipo_turno,LDA,8,8,NIRR|CD202|manha + tarde,NIRR|CD202|manha + tarde,True,0.0029086363259711993,9.36283235301107e-09,0.007051013156258008,5.405682036822805e-09,0.004124047755368632,6.375338845014307e-09,0.08133577935492155,0.23480704331200075,0.2941067737119584,0.25531001259140246,0.07072334761682073,0.04963332503144513
EMB48,IRR,2017-03-02,dia9,1,B1,manha + tarde,manha + tarde,condicao_genotipo_turno,LDA,4,2,IRR|EMB48|manha + tarde,IRR|CD202|manha + tarde,False,0.05215080727201087,0.07895997702503235,0.2705218451771891,0.19401001657775763,0.2605250354451072,0.1426795871463191,0.0002755624817424953,5.179427889724498e-05,0.00022284331418695488,0.000579484296120829,2.3015546292480944e-05,3.14393440231424e-08
EMB48,IRR,2017-03-02,dia9,2,B2,manha + tarde,manha + tarde,condicao_genotipo_turno,LDA,4,4,IRR|EMB48|manha + tarde,IRR|EMB48|manha + tarde,True,0.2902442058779504,0.011477619884971249,0.1902346341466625,0.00032580276348302467,0.42619291350536975,8.741270990700176e-05,0.047575632711040934,0.012639976065108673,0.011768820894606466,0.009324641308858682,5.16658726745711e-05,7.667425936689629e-05
EMB48,IRR,2017-03-02,dia9,3,B3,manha + tarde,manha + tarde,condicao_genotipo_turno,LDA,4,1,IRR|EMB48|manha + tarde,IRR|BR16|unico,False,0.010301091355659752,0.36306803808596777,0.1029451118155199,0.20288973748175987,0.12136994493694897,0.19928821409882833,3.477303557191866e-05,2.781497178510639e-06,4.0787108963981997e-05,4.722722725006573e-05,1.1313124597064969e-05,9.802317537751762e-07
EMB48,IRR,2017-03-02,dia9,4,B4,manha + tarde,manha + tarde,condicao_genotipo_turno,LDA,4,4,IRR|EMB48|manha + tarde,IRR|EMB48|manha + tarde,True,0.18302823298867493,5.1272834588802595e-05,0.26836853072689365,3.0427762279697306e-05,0.3778124347103988,5.829976512554502e-05,0.12172042252903054,0.008441104774222543,0.02127239930961909,0.017627322311628,0.0011663066222576803,0.00042324566528073484
EMB48,NIRR,2017-03-02,dia9,1,B1,manha + tarde,manha + tarde,condicao_genotipo_turno,LDA,10,9,NIRR|EMB48|manha + tarde,NIRR|CD202|unico,False,0.0007282694489225206,3.7682613306968934e-10,0.015282295688324267,6.438345506984027e-09,0.010142528432680025,4.411199584675005e-09,0.029604395083070265,0.04007196678221729,0.21103122796548535,0.514109900943704,0.17451676551529788,0.004512638913927277
EMB48,NIRR,2017-03-02,dia9,2,B2,manha + tarde,manha + tarde,condicao_genotipo_turno,LDA,10,9,NIRR|EMB48|manha + tarde,NIRR|CD202|unico,False,0.00516617627823308,1.5981827967498478e-06,0.01711078356358587,6.626652813602366e-08,0.018645914533894827,3.722752517916306e-09,0.08445501361427943,0.19251721743935604,0.2799044935306255,0.3587430118931813,0.0202415893687502,0.023214131606016132
EMB48,NIRR,2017-03-02,dia9,3,B3,manha + tarde,manha + tarde,condicao_genotipo_turno,LDA,10,8,NIRR|EMB48|manha + tarde,NIRR|CD202|manha + tarde,False,0.0007406464465012855,2.29743979892083e-08,0.0032002935165038504,2.3442281447942704e-09,0.004271677853315714,4.3071849306579836e-10,0.008066957753425339,0.033548259262460516,0.2917741402187137,0.2896167011713074,0.23023650057874084,0.13854479744968673
EMB48,NIRR,2017-03-02,dia9,4,B4,manha + tarde,manha + tarde,condicao_genotipo_turno,LDA,10,8,NIRR|EMB48|manha + tarde,NIRR|CD202|manha + tarde,False,0.000371438968802679,1.1018821699490156e-10,0.0013012922375187344,1.6820717627232697e-10,0.0011244072224050469,2.602941930031323e-10,0.05681024890176767,0.08367895923796947,0.3033200499865865,0.2953096739797538,0.13046578581650492,0.12761814311000172
