banda,comprimento_onda_nm,fora_intervalo_count
band_350,350,0
band_351,351,0
band_352,352,0
band_353,353,0
band_354,354,0
band_355,355,0
band_356,356,0
band_357,357,0
band_358,358,0
band_359,359,0
band_360,360,0
band_361,361,0
band_362,362,0
band_363,363,0
band_364,364,0
band_365,365,0
band_366,366,0
band_367,367,0
band_368,368,0
band_369,369,0
band_370,370,0
band_371,371,0
band_372,372,0
band_373,373,0
band_374,374,0
band_375,375,0
band_376,376,0
band_377,377,0
band_378,378,0
band_379,379,0
band_380,380,0
band_381,381,0
band_382,382,0
band_383,383,0
band_384,384,0
band_385,385,0
band_386,386,0
band_387,387,0
band_388,388,0
band_389,389,0
band_390,390,0
band_391,391,0
band_392,392,0
band_393,393,0
band_394,394,0
band_395,395,0
band_396,396,0
band_397,397,0
band_398,398,0
band_399,399,0
band_400,400,0
band_401,401,0
band_402,402,0
band_403,403,0
band_404,404,0
band_405,405,0
band_406,406,0
band_407,407,0
band_408,408,0
band_409,409,0
band_410,410,0
band_411,411,0
band_412,412,0
band_413,413,0
band_414,414,0
band_415,415,0
band_416,416,0
band_417,417,0
band_418,418,0
band_419,419,0
band_420,420,0
band_421,421,0
band_422,422,0
band_423,423,0
band_424,424,0
band_425,425,0
band_426,426,0
band_427,427,0
band_428,428,0
band_429,429,0
band_430,430,0
band_431,431,0
band_432,432,0
band_433,433,0
band_434,434,0
band_435,435,0
band_436,436,0
band_437,437,0
band_438,438,0
band_439,439,0
band_440,440,0
band_441,441,0
band_442,442,0
band_443,443,0
band_444,444,0
band_445,445,0
band_446,446,0
band_447,447,0
band_448,448,0
band_449,449,0
band_450,450,0
band_451,451,0
band_452,452,0
band_453,453,0
band_454,454,0
band_455,455,0
band_456,456,0
band_457,457,0
band_458,458,0
band_459,459,0
band_460,460,0
band_461,461,0
band_462,462,0
band_463,463,0
band_464,464,0
band_465,465,0
band_466,466,0
band_467,467,0
band_468,468,0
band_469,469,0
band_470,470,0
band_471,471,0
band_472,472,0
band_473,473,0
band_474,474,0
band_475,475,0
band_476,476,0
band_477,477,0
band_478,478,0
band_479,479,0
band_480,480,0
band_481,481,0
band_482,482,0
band_483,483,0
band_484,484,0
band_485,485,0
band_486,486,0
band_487,487,0
band_488,488,0
band_489,489,0
band_490,490,0
band_491,491,0
band_492,492,0
band_493,493,0
band_494,494,0
band_495,495,0
band_496,496,0
band_497,497,0
band_498,498,0
band_499,499,0
band_500,500,0
band_501,501,0
band_502,502,0
band_503,503,0
band_504,504,0
band_505,505,0
band_506,506,0
band_507,507,0
band_508,508,0
band_509,509,0
band_510,510,0
band_511,511,0
band_512,512,0
band_513,513,0
band_514,514,0
band_515,515,0
band_516,516,0
band_517,517,0
band_518,518,0
band_519,519,0
band_520,520,0
band_521,521,0
band_522,522,0
band_523,523,0
band_524,524,0
band_525,525,0
band_526,526,0
band_527,527,0
band_528,528,0
band_529,529,0
band_530,530,0
band_531,531,0
band_532,532,0
band_533,533,0
band_534,534,0
band_535,535,0
band_536,536,0
band_537,537,0
band_538,538,0
band_539,539,0
band_540,540,0
band_541,541,0
band_542,542,0
band_543,543,0
band_544,544,0
band_545,545,0
band_546,546,0
band_547,547,0
band_548,548,0
band_549,549,0
band_550,550,0
band_551,551,0
band_552,552,0
band_553,553,0
band_554,554,0
band_555,555,0
band_556,556,0
band_557,557,0
band_558,558,0
band_559,559,0
band_560,560,0
band_561,561,0
band_562,562,0
band_563,563,0
band_564,564,0
band_565,565,0
band_566,566,0
band_567,567,0
band_568,568,0
band_569,569,0
band_570,570,0
band_571,571,0
band_572,572,0
band_573,573,0
band_574,574,0
band_575,575,0
band_576,576,0
band_577,577,0
band_578,578,0
band_579,579,0
band_580,580,0
band_581,581,0
band_582,582,0
band_583,583,0
band_584,584,0
band_585,585,0
band_586,586,0
band_587,587,0
band_588,588,0
band_589,589,0
band_590,590,0
band_591,591,0
band_592,592,0
band_593,593,0
band_594,594,0
band_595,595,0
band_596,596,0
band_597,597,0
band_598,598,0
band_599,599,0
band_600,600,0
band_601,601,0
band_602,602,0
band_603,603,0
band_604,604,0
band_605,605,0
band_606,606,0
band_607,607,0
band_608,608,0
band_609,609,0
band_610,610,0
band_611,611,0
band_612,612,0
band_613,613,0
band_614,614,0
band_615,615,0
band_616,616,0
band_617,617,0
band_618,618,0
band_619,619,0
band_620,620,0
band_621,621,0
band_622,622,0
band_623,623,0
band_624,624,0
band_625,625,0
band_626,626,0
band_627,627,0
band_628,628,0
band_629,629,0
band_630,630,0
band_631,631,0
band_632,632,0
band_633,633,0
band_634,634,0
band_635,635,0
band_636,636,0
band_637,637,0
band_638,638,0
band_639,639,0
band_640,640,0
band_641,641,0
band_642,642,0
band_643,643,0
band_644,644,0
band_645,645,0
band_646,646,0
band_647,647,0
band_648,648,0
band_649,649,0
band_650,650,0
band_651,651,0
band_652,652,0
band_653,653,0
band_654,654,0
band_655,655,0
band_656,656,0
band_657,657,0
band_658,658,0
band_659,659,0
band_660,660,0
band_661,661,0
band_662,662,0
band_663,663,0
band_664,664,0
band_665,665,0
band_666,666,0
band_667,667,0
band_668,668,0
band_669,669,0
band_670,670,0
band_671,671,0
band_672,672,0
band_673,673,0
band_674,674,0
band_675,675,0
band_676,676,0
band_677,677,0
band_678,678,0
band_679,679,0
band_680,680,0
band_681,681,0
band_682,682,0
band_683,683,0
band_684,684,0
band_685,685,0
band_686,686,0
band_687,687,0
band_688,688,0
band_689,689,0
band_690,690,0
band_691,691,0
band_692,692,0
band_693,693,0
band_694,694,0
band_695,695,0
band_696,696,0
band_697,697,0
band_698,698,0
band_699,699,0
band_700,700,0
band_701,701,0
band_702,702,0
band_703,703,0
band_704,704,0
band_705,705,0
band_706,706,0
band_707,707,0
band_708,708,0
band_709,709,0
band_710,710,0
band_711,711,0
band_712,712,0
band_713,713,0
band_714,714,0
band_715,715,0
band_716,716,0
band_717,717,0
band_718,718,0
band_719,719,0
band_720,720,0
band_721,721,0
band_722,722,0
band_723,723,0
band_724,724,0
band_725,725,0
band_726,726,0
band_727,727,0
band_728,728,0
band_729,729,0
band_730,730,0
band_731,731,0
band_732,732,0
band_733,733,0
band_734,734,0
band_735,735,0
band_736,736,0
band_737,737,0
band_738,738,0
band_739,739,0
band_740,740,0
band_741,741,0
band_742,742,0
band_743,743,0
band_744,744,0
band_745,745,0
band_746,746,0
band_747,747,0
band_748,748,0
band_749,749,0
band_750,750,0
band_751,751,0
band_752,752,0
band_753,753,0
band_754,754,0
band_755,755,0
band_756,756,0
band_757,757,0
band_758,758,0
band_759,759,0
band_760,760,0
band_761,761,0
band_762,762,0
band_763,763,0
band_764,764,0
band_765,765,0
band_766,766,0
band_767,767,0
band_768,768,0
band_769,769,0
band_770,770,0
band_771,771,0
band_772,772,0
band_773,773,0
band_774,774,0
band_775,775,0
band_776,776,0
band_777,777,0
band_778,778,0
band_779,779,0
band_780,780,0
band_781,781,0
band_782,782,0
band_783,783,0
band_784,784,0
band_785,785,0
band_786,786,0
band_787,787,0
band_788,788,0
band_789,789,0
band_790,790,0
band_791,791,0
band_792,792,0
band_793,793,0
band_794,794,0
band_795,795,0
band_796,796,0
band_797,797,0
band_798,798,0
band_799,799,0
band_800,800,0
band_801,801,0
band_802,802,0
band_803,803,0
band_804,804,0
band_805,805,0
band_806,806,0
band_807,807,0
band_808,808,0
band_809,809,0
band_810,810,0
band_811,811,0
band_812,812,0
band_813,813,0
band_814,814,0
band_815,815,0
band_816,816,0
band_817,817,0
band_818,818,0
band_819,819,0
band_820,820,0
band_821,821,0
band_822,822,0
band_823,823,0
band_824,824,0
band_825,825,0
band_826,826,0
band_827,827,0
band_828,828,0
band_829,829,0
band_830,830,0
band_831,831,0
band_832,832,0
band_833,833,0
band_834,834,0
band_835,835,0
band_836,836,0
band_837,837,0
band_838,838,0
band_839,839,0
band_840,840,0
band_841,841,0
band_842,842,0
band_843,843,0
band_844,844,0
band_845,845,0
band_846,846,0
band_847,847,0
band_848,848,0
band_849,849,0
band_850,850,0
band_851,851,0
band_852,852,0
band_853,853,0
band_854,854,0
band_855,855,0
band_856,856,0
band_857,857,0
band_858,858,0
band_859,859,0
band_860,860,0
band_861,861,0
band_862,862,0
band_863,863,0
band_864,864,0
band_865,865,0
band_866,866,0
band_867,867,0
band_868,868,0
band_869,869,0
band_870,870,0
band_871,871,0
band_872,872,0
band_873,873,0
band_874,874,0
band_875,875,0
band_876,876,0
band_877,877,0
band_878,878,0
band_879,879,0
band_880,880,0
band_881,881,0
band_882,882,0
band_883,883,0
band_884,884,0
band_885,885,0
band_886,886,0
band_887,887,0
band_888,888,0
band_889,889,0
band_890,890,0
band_891,891,0
band_892,892,0
band_893,893,0
band_894,894,0
band_895,895,0
band_896,896,0
band_897,897,0
band_898,898,0
band_899,899,0
band_900,900,0
band_901,901,0
band_902,902,0
band_903,903,0
band_904,904,0
band_905,905,0
band_906,906,0
band_907,907,0
band_908,908,0
band_909,909,0
band_910,910,0
band_911,911,0
band_912,912,0
band_913,913,0
band_914,914,0
band_915,915,0
band_916,916,0
band_917,917,0
band_918,918,0
band_919,919,0
band_920,920,0
band_921,921,0
band_922,922,0
band_923,923,0
band_924,924,0
band_925,925,0
band_926,926,0
band_927,927,0
band_928,928,0
band_929,929,0
band_930,930,0
band_931,931,0
band_932,932,0
band_933,933,0
band_934,934,0
band_935,935,0
band_936,936,0
band_937,937,0
band_938,938,0
band_939,939,0
band_940,940,0
band_941,941,0
band_942,942,0
band_943,943,0
band_944,944,0
band_945,945,0
band_946,946,0
band_947,947,0
band_948,948,0
band_949,949,0
band_950,950,0
band_951,951,0
band_952,952,0
band_953,953,0
band_954,954,0
band_955,955,0
band_956,956,0
band_957,957,0
band_958,958,0
band_959,959,0
band_960,960,0
band_961,961,0
band_962,962,0
band_963,963,0
band_964,964,0
band_965,965,0
band_966,966,0
band_967,967,0
band_968,968,0
band_969,969,0
band_970,970,0
band_971,971,0
band_972,972,0
band_973,973,0
band_974,974,0
band_975,975,0
band_976,976,0
band_977,977,0
band_978,978,0
band_979,979,0
band_980,980,0
band_981,981,0
band_982,982,0
band_983,983,0
band_984,984,0
band_985,985,0
band_986,986,0
band_987,987,0
band_988,988,0
band_989,989,0
band_990,990,0
band_991,991,0
band_992,992,0
band_993,993,0
band_994,994,0
band_995,995,0
band_996,996,0
band_997,997,0
band_998,998,0
band_999,999,0
band_1000,1000,0
band_1001,1001,0
band_1002,1002,0
band_1003,1003,0
band_1004,1004,0
band_1005,1005,0
band_1006,1006,0
band_1007,1007,0
band_1008,1008,0
band_1009,1009,0
band_1010,1010,0
band_1011,1011,0
band_1012,1012,0
band_1013,1013,0
band_1014,1014,0
band_1015,1015,0
band_1016,1016,0
band_1017,1017,0
band_1018,1018,0
band_1019,1019,0
band_1020,1020,0
band_1021,1021,0
band_1022,1022,0
band_1023,1023,0
band_1024,1024,0
band_1025,1025,0
band_1026,1026,0
band_1027,1027,0
band_1028,1028,0
band_1029,1029,0
band_1030,1030,0
band_1031,1031,0
band_1032,1032,0
band_1033,1033,0
band_1034,1034,0
band_1035,1035,0
band_1036,1036,0
band_1037,1037,0
band_1038,1038,0
band_1039,1039,0
band_1040,1040,0
band_1041,1041,0
band_1042,1042,0
band_1043,1043,0
band_1044,1044,0
band_1045,1045,0
band_1046,1046,0
band_1047,1047,0
band_1048,1048,0
band_1049,1049,0
band_1050,1050,0
band_1051,1051,0
band_1052,1052,0
band_1053,1053,0
band_1054,1054,0
band_1055,1055,0
band_1056,1056,0
band_1057,1057,0
band_1058,1058,0
band_1059,1059,0
band_1060,1060,0
band_1061,1061,0
band_1062,1062,0
band_1063,1063,0
band_1064,1064,0
band_1065,1065,0
band_1066,1066,0
band_1067,1067,0
band_1068,1068,0
band_1069,1069,0
band_1070,1070,0
band_1071,1071,0
band_1072,1072,0
band_1073,1073,0
band_1074,1074,0
band_1075,1075,0
band_1076,1076,0
band_1077,1077,0
band_1078,1078,0
band_1079,1079,0
band_1080,1080,0
band_1081,1081,0
band_1082,1082,0
band_1083,1083,0
band_1084,1084,0
band_1085,1085,0
band_1086,1086,0
band_1087,1087,0
band_1088,1088,0
band_1089,1089,0
band_1090,1090,0
band_1091,1091,0
band_1092,1092,0
band_1093,1093,0
band_1094,1094,0
band_1095,1095,0
band_1096,1096,0
band_1097,1097,0
band_1098,1098,0
band_1099,1099,0
band_1100,1100,0
band_1101,1101,0
band_1102,1102,0
band_1103,1103,0
band_1104,1104,0
band_1105,1105,0
band_1106,1106,0
band_1107,1107,0
band_1108,1108,0
band_1109,1109,0
band_1110,1110,0
band_1111,1111,0
band_1112,1112,0
band_1113,1113,0
band_1114,1114,0
band_1115,1115,0
band_1116,1116,0
band_1117,1117,0
band_1118,1118,0
band_1119,1119,0
band_1120,1120,0
band_1121,1121,0
band_1122,1122,0
band_1123,1123,0
band_1124,1124,0
band_1125,1125,0
band_1126,1126,0
band_1127,1127,0
band_1128,1128,0
band_1129,1129,0
band_1130,1130,0
band_1131,1131,0
band_1132,1132,0
band_1133,1133,0
band_1134,1134,0
band_1135,1135,0
band_1136,1136,0
band_1137,1137,0
band_1138,1138,0
band_1139,1139,0
band_1140,1140,0
band_1141,1141,0
band_1142,1142,0
band_1143,1143,0
band_1144,1144,0
band_1145,1145,0
band_1146,1146,0
band_1147,1147,0
band_1148,1148,0
band_1149,1149,0
band_1150,1150,0
band_1151,1151,0
band_1152,1152,0
band_1153,1153,0
band_1154,1154,0
band_1155,1155,0
band_1156,1156,0
band_1157,1157,0
band_1158,1158,0
band_1159,1159,0
band_1160,1160,0
band_1161,1161,0
band_1162,1162,0
band_1163,1163,0
band_1164,1164,0
band_1165,1165,0
band_1166,1166,0
band_1167,1167,0
band_1168,1168,0
band_1169,1169,0
band_1170,1170,0
band_1171,1171,0
band_1172,1172,0
band_1173,1173,0
band_1174,1174,0
band_1175,1175,0
band_1176,1176,0
band_1177,1177,0
band_1178,1178,0
band_1179,1179,0
band_1180,1180,0
band_1181,1181,0
band_1182,1182,0
band_1183,1183,0
band_1184,1184,0
band_1185,1185,0
band_1186,1186,0
band_1187,1187,0
band_1188,1188,0
band_1189,1189,0
band_1190,1190,0
band_1191,1191,0
band_1192,1192,0
band_1193,1193,0
band_1194,1194,0
band_1195,1195,0
band_1196,1196,0
band_1197,1197,0
band_1198,1198,0
band_1199,1199,0
band_1200,1200,0
band_1201,1201,0
band_1202,1202,0
band_1203,1203,0
band_1204,1204,0
band_1205,1205,0
band_1206,1206,0
band_1207,1207,0
band_1208,1208,0
band_1209,1209,0
band_1210,1210,0
band_1211,1211,0
band_1212,1212,0
band_1213,1213,0
band_1214,1214,0
band_1215,1215,0
band_1216,1216,0
band_1217,1217,0
band_1218,1218,0
band_1219,1219,0
band_1220,1220,0
band_1221,1221,0
band_1222,1222,0
band_1223,1223,0
band_1224,1224,0
band_1225,1225,0
band_1226,1226,0
band_1227,1227,0
band_1228,1228,0
band_1229,1229,0
band_1230,1230,0
band_1231,1231,0
band_1232,1232,0
band_1233,1233,0
band_1234,1234,0
band_1235,1235,0
band_1236,1236,0
band_1237,1237,0
band_1238,1238,0
band_1239,1239,0
band_1240,1240,0
band_1241,1241,0
band_1242,1242,0
band_1243,1243,0
band_1244,1244,0
band_1245,1245,0
band_1246,1246,0
band_1247,1247,0
band_1248,1248,0
band_1249,1249,0
band_1250,1250,0
band_1251,1251,0
band_1252,1252,0
band_1253,1253,0
band_1254,1254,0
band_1255,1255,0
band_1256,1256,0
band_1257,1257,0
band_1258,1258,0
band_1259,1259,0
band_1260,1260,0
band_1261,1261,0
band_1262,1262,0
band_1263,1263,0
band_1264,1264,0
band_1265,1265,0
band_1266,1266,0
band_1267,1267,0
band_1268,1268,0
band_1269,1269,0
band_1270,1270,0
band_1271,1271,0
band_1272,1272,0
band_1273,1273,0
band_1274,1274,0
band_1275,1275,0
band_1276,1276,0
band_1277,1277,0
band_1278,1278,0
band_1279,1279,0
band_1280,1280,0
band_1281,1281,0
band_1282,1282,0
band_1283,1283,0
band_1284,1284,0
band_1285,1285,0
band_1286,1286,0
band_1287,1287,0
band_1288,1288,0
band_1289,1289,0
band_1290,1290,0
band_1291,1291,0
band_1292,1292,0
band_1293,1293,0
band_1294,1294,0
band_1295,1295,0
band_1296,1296,0
band_1297,1297,0
band_1298,1298,0
band_1299,1299,0
band_1300,1300,0
band_1301,1301,0
band_1302,1302,0
band_1303,1303,0
band_1304,1304,0
band_1305,1305,0
band_1306,1306,0
band_1307,1307,0
band_1308,1308,0
band_1309,1309,0
band_1310,1310,0
band_1311,1311,0
band_1312,1312,0
band_1313,1313,0
band_1314,1314,0
band_1315,1315,0
band_1316,1316,0
band_1317,1317,0
band_1318,1318,0
band_1319,1319,0
band_1320,1320,0
band_1321,1321,0
band_1322,1322,0
band_1323,1323,0
band_1324,1324,0
band_1325,1325,0
band_1326,1326,0
band_1327,1327,0
band_1328,1328,0
band_1329,1329,0
band_1330,1330,0
band_1331,1331,0
band_1332,1332,0
band_1333,1333,0
band_1334,1334,0
band_1335,1335,0
band_1336,1336,0
band_1337,1337,0
band_1338,1338,0
band_1339,1339,0
band_1340,1340,0
band_1341,1341,0
band_1342,1342,0
band_1343,1343,0
band_1344,1344,0
band_1345,1345,0
band_1346,1346,0
band_1347,1347,0
band_1348,1348,0
band_1349,1349,0
band_1350,1350,0
band_1351,1351,0
band_1352,1352,0
band_1353,1353,0
band_1354,1354,0
band_1355,1355,0
band_1356,1356,0
band_1357,1357,0
band_1358,1358,0
band_1359,1359,0
band_1360,1360,0
band_1361,1361,0
band_1362,1362,0
band_1363,1363,0
band_1364,1364,0
band_1365,1365,0
band_1366,1366,0
band_1367,1367,0
band_1368,1368,0
band_1369,1369,0
band_1370,1370,0
band_1371,1371,0
band_1372,1372,0
band_1373,1373,0
band_1374,1374,0
band_1375,1375,0
band_1376,1376,0
band_1377,1377,0
band_1378,1378,0
band_1379,1379,0
band_1380,1380,0
band_1381,1381,0
band_1382,1382,0
band_1383,1383,0
band_1384,1384,0
band_1385,1385,0
band_1386,1386,0
band_1387,1387,0
band_1388,1388,0
band_1389,1389,0
band_1390,1390,0
band_1391,1391,0
band_1392,1392,0
band_1393,1393,0
band_1394,1394,0
band_1395,1395,0
band_1396,1396,0
band_1397,1397,0
band_1398,1398,0
band_1399,1399,0
band_1400,1400,0
band_1401,1401,0
band_1402,1402,0
band_1403,1403,0
band_1404,1404,0
band_1405,1405,0
band_1406,1406,0
band_1407,1407,0
band_1408,1408,0
band_1409,1409,0
band_1410,1410,0
band_1411,1411,0
band_1412,1412,0
band_1413,1413,0
band_1414,1414,0
band_1415,1415,0
band_1416,1416,0
band_1417,1417,0
band_1418,1418,0
band_1419,1419,0
band_1420,1420,0
band_1421,1421,0
band_1422,1422,0
band_1423,1423,0
band_1424,1424,0
band_1425,1425,0
band_1426,1426,0
band_1427,1427,0
band_1428,1428,0
band_1429,1429,0
band_1430,1430,0
band_1431,1431,0
band_1432,1432,0
band_1433,1433,0
band_1434,1434,0
band_1435,1435,0
band_1436,1436,0
band_1437,1437,0
band_1438,1438,0
band_1439,1439,0
band_1440,1440,0
band_1441,1441,0
band_1442,1442,0
band_1443,1443,0
band_1444,1444,0
band_1445,1445,0
band_1446,1446,0
band_1447,1447,0
band_1448,1448,0
band_1449,1449,0
band_1450,1450,0
band_1451,1451,0
band_1452,1452,0
band_1453,1453,0
band_1454,1454,0
band_1455,1455,0
band_1456,1456,0
band_1457,1457,0
band_1458,1458,0
band_1459,1459,0
band_1460,1460,0
band_1461,1461,0
band_1462,1462,0
band_1463,1463,0
band_1464,1464,0
band_1465,1465,0
band_1466,1466,0
band_1467,1467,0
band_1468,1468,0
band_1469,1469,0
band_1470,1470,0
band_1471,1471,0
band_1472,1472,0
band_1473,1473,0
band_1474,1474,0
band_1475,1475,0
band_1476,1476,0
band_1477,1477,0
band_1478,1478,0
band_1479,1479,0
band_1480,1480,0
band_1481,1481,0
band_1482,1482,0
band_1483,1483,0
band_1484,1484,0
band_1485,1485,0
band_1486,1486,0
band_1487,1487,0
band_1488,1488,0
band_1489,1489,0
band_1490,1490,0
band_1491,1491,0
band_1492,1492,0
band_1493,1493,0
band_1494,1494,0
band_1495,1495,0
band_1496,1496,0
band_1497,1497,0
band_1498,1498,0
band_1499,1499,0
band_1500,1500,0
band_1501,1501,0
band_1502,1502,0
band_1503,1503,0
band_1504,1504,0
band_1505,1505,0
band_1506,1506,0
band_1507,1507,0
band_1508,1508,0
band_1509,1509,0
band_1510,1510,0
band_1511,1511,0
band_1512,1512,0
band_1513,1513,0
band_1514,1514,0
band_1515,1515,0
band_1516,1516,0
band_1517,1517,0
band_1518,1518,0
band_1519,1519,0
band_1520,1520,0
band_1521,1521,0
band_1522,1522,0
band_1523,1523,0
band_1524,1524,0
band_1525,1525,0
band_1526,1526,0
band_1527,1527,0
band_1528,1528,0
band_1529,1529,0
band_1530,1530,0
band_1531,1531,0
band_1532,1532,0
band_1533,1533,0
band_1534,1534,0
band_1535,1535,0
band_1536,1536,0
band_1537,1537,0
band_1538,1538,0
band_1539,1539,0
band_1540,1540,0
band_1541,1541,0
band_1542,1542,0
band_1543,1543,0
band_1544,1544,0
band_1545,1545,0
band_1546,1546,0
band_1547,1547,0
band_1548,1548,0
band_1549,1549,0
band_1550,1550,0
band_1551,1551,0
band_1552,1552,0
band_1553,1553,0
band_1554,1554,0
band_1555,1555,0
band_1556,1556,0
band_1557,1557,0
band_1558,1558,0
band_1559,1559,0
band_1560,1560,0
band_1561,1561,0
band_1562,1562,0
band_1563,1563,0
band_1564,1564,0
band_1565,1565,0
band_1566,1566,0
band_1567,1567,0
band_1568,1568,0
band_1569,1569,0
band_1570,1570,0
band_1571,1571,0
band_1572,1572,0
band_1573,1573,0
band_1574,1574,0
band_1575,1575,0
band_1576,1576,0
band_1577,1577,0
band_1578,1578,0
band_1579,1579,0
band_1580,1580,0
band_1581,1581,0
band_1582,1582,0
band_1583,1583,0
band_1584,1584,0
band_1585,1585,0
band_1586,1586,0
band_1587,1587,0
band_1588,1588,0
band_1589,1589,0
band_1590,1590,0
band_1591,1591,0
band_1592,1592,0
band_1593,1593,0
band_1594,1594,0
band_1595,1595,0
band_1596,1596,0
band_1597,1597,0
band_1598,1598,0
band_1599,1599,0
band_1600,1600,0
band_1601,1601,0
band_1602,1602,0
band_1603,1603,0
band_1604,1604,0
band_1605,1605,0
band_1606,1606,0
band_1607,1607,0
band_1608,1608,0
band_1609,1609,0
band_1610,1610,0
band_1611,1611,0
band_1612,1612,0
band_1613,1613,0
band_1614,1614,0
band_1615,1615,0
band_1616,1616,0
band_1617,1617,0
band_1618,1618,0
band_1619,1619,0
band_1620,1620,0
band_1621,1621,0
band_1622,1622,0
band_1623,1623,0
band_1624,1624,0
band_1625,1625,0
band_1626,1626,0
band_1627,1627,0
band_1628,1628,0
band_1629,1629,0
band_1630,1630,0
band_1631,1631,0
band_1632,1632,0
band_1633,1633,0
band_1634,1634,0
band_1635,1635,0
band_1636,1636,0
band_1637,1637,0
band_1638,1638,0
band_1639,1639,0
band_1640,1640,0
band_1641,1641,0
band_1642,1642,0
band_1643,1643,0
band_1644,1644,0
band_1645,1645,0
band_1646,1646,0
band_1647,1647,0
band_1648,1648,0
band_1649,1649,0
band_1650,1650,0
band_1651,1651,0
band_1652,1652,0
band_1653,1653,0
band_1654,1654,0
band_1655,1655,0
band_1656,1656,0
band_1657,1657,0
band_1658,1658,0
band_1659,1659,0
band_1660,1660,0
band_1661,1661,0
band_1662,1662,0
band_1663,1663,0
band_1664,1664,0
band_1665,1665,0
band_1666,1666,0
band_1667,1667,0
band_1668,1668,0
band_1669,1669,0
band_1670,1670,0
band_1671,1671,0
band_1672,1672,0
band_1673,1673,0
band_1674,1674,0
band_1675,1675,0
band_1676,1676,0
band_1677,1677,0
band_1678,1678,0
band_1679,1679,0
band_1680,1680,0
band_1681,1681,0
band_1682,1682,0
band_1683,1683,0
band_1684,1684,0
band_1685,1685,0
band_1686,1686,0
band_1687,1687,0
band_1688,1688,0
band_1689,1689,0
band_1690,1690,0
band_1691,1691,0
band_1692,1692,0
band_1693,1693,0
band_1694,1694,0
band_1695,1695,0
band_1696,1696,0
band_1697,1697,0
band_1698,1698,0
band_1699,1699,0
band_1700,1700,0
band_1701,1701,0
band_1702,1702,0
band_1703,1703,0
band_1704,1704,0
band_1705,1705,0
band_1706,1706,0
band_1707,1707,0
band_1708,1708,0
band_1709,1709,0
band_1710,1710,0
band_1711,1711,0
band_1712,1712,0
band_1713,1713,0
band_1714,1714,0
band_1715,1715,0
band_1716,1716,0
band_1717,1717,0
band_1718,1718,0
band_1719,1719,0
band_1720,1720,0
band_1721,1721,0
band_1722,1722,0
band_1723,1723,0
band_1724,1724,0
band_1725,1725,0
band_1726,1726,0
band_1727,1727,0
band_1728,1728,0
band_1729,1729,0
band_1730,1730,0
band_1731,1731,0
band_1732,1732,0
band_1733,1733,0
band_1734,1734,0
band_1735,1735,0
band_1736,1736,0
band_1737,1737,0
band_1738,1738,0
band_1739,1739,0
band_1740,1740,0
band_1741,1741,0
band_1742,1742,0
band_1743,1743,0
band_1744,1744,0
band_1745,1745,0
band_1746,1746,0
band_1747,1747,0
band_1748,1748,0
band_1749,1749,0
band_1750,1750,0
band_1751,1751,0
band_1752,1752,0
band_1753,1753,0
band_1754,1754,0
band_1755,1755,0
band_1756,1756,0
band_1757,1757,0
band_1758,1758,0
band_1759,1759,0
band_1760,1760,0
band_1761,1761,0
band_1762,1762,0
band_1763,1763,0
band_1764,1764,0
band_1765,1765,0
band_1766,1766,0
band_1767,1767,0
band_1768,1768,0
band_1769,1769,0
band_1770,1770,0
band_1771,1771,0
band_1772,1772,0
band_1773,1773,0
band_1774,1774,0
band_1775,1775,0
band_1776,1776,0
band_1777,1777,0
band_1778,1778,0
band_1779,1779,0
band_1780,1780,0
band_1781,1781,0
band_1782,1782,0
band_1783,1783,0
band_1784,1784,0
band_1785,1785,0
band_1786,1786,0
band_1787,1787,0
band_1788,1788,0
band_1789,1789,0
band_1790,1790,0
band_1791,1791,0
band_1792,1792,0
band_1793,1793,0
band_1794,1794,0
band_1795,1795,0
band_1796,1796,0
band_1797,1797,0
band_1798,1798,0
band_1799,1799,0
band_1800,1800,0
band_1801,1801,0
band_1802,1802,0
band_1803,1803,0
band_1804,1804,0
band_1805,1805,0
band_1806,1806,0
band_1807,1807,0
band_1808,1808,0
band_1809,1809,0
band_1810,1810,0
band_1811,1811,0
band_1812,1812,0
band_1813,1813,0
band_1814,1814,0
band_1815,1815,0
band_1816,1816,0
band_1817,1817,0
band_1818,1818,0
band_1819,1819,0
band_1820,1820,0
band_1821,1821,0
band_1822,1822,0
band_1823,1823,0
band_1824,1824,0
band_1825,1825,0
band_1826,1826,0
band_1827,1827,0
band_1828,1828,0
band_1829,1829,0
band_1830,1830,0
band_1831,1831,0
band_1832,1832,0
band_1833,1833,0
band_1834,1834,0
band_1835,1835,0
band_1836,1836,0
band_1837,1837,0
band_1838,1838,0
band_1839,1839,0
band_1840,1840,0
band_1841,1841,0
band_1842,1842,0
band_1843,1843,0
band_1844,1844,0
band_1845,1845,0
band_1846,1846,0
band_1847,1847,0
band_1848,1848,0
band_1849,1849,0
band_1850,1850,0
band_1851,1851,0
band_1852,1852,0
band_1853,1853,0
band_1854,1854,0
band_1855,1855,0
band_1856,1856,0
band_1857,1857,0
band_1858,1858,0
band_1859,1859,0
band_1860,1860,0
band_1861,1861,0
band_1862,1862,0
band_1863,1863,0
band_1864,1864,0
band_1865,1865,0
band_1866,1866,0
band_1867,1867,0
band_1868,1868,0
band_1869,1869,0
band_1870,1870,0
band_1871,1871,0
band_1872,1872,0
band_1873,1873,0
band_1874,1874,0
band_1875,1875,0
band_1876,1876,0
band_1877,1877,0
band_1878,1878,0
band_1879,1879,0
band_1880,1880,0
band_1881,1881,0
band_1882,1882,0
band_1883,1883,0
band_1884,1884,0
band_1885,1885,0
band_1886,1886,0
band_1887,1887,0
band_1888,1888,0
band_1889,1889,0
band_1890,1890,0
band_1891,1891,0
band_1892,1892,0
band_1893,1893,0
band_1894,1894,0
band_1895,1895,0
band_1896,1896,0
band_1897,1897,0
band_1898,1898,0
band_1899,1899,0
band_1900,1900,0
band_1901,1901,0
band_1902,1902,0
band_1903,1903,0
band_1904,1904,0
band_1905,1905,0
band_1906,1906,0
band_1907,1907,0
band_1908,1908,0
band_1909,1909,0
band_1910,1910,0
band_1911,1911,0
band_1912,1912,0
band_1913,1913,0
band_1914,1914,0
band_1915,1915,0
band_1916,1916,0
band_1917,1917,0
band_1918,1918,0
band_1919,1919,0
band_1920,1920,0
band_1921,1921,0
band_1922,1922,0
band_1923,1923,0
band_1924,1924,0
band_1925,1925,0
band_1926,1926,0
band_1927,1927,0
band_1928,1928,0
band_1929,1929,0
band_1930,1930,0
band_1931,1931,0
band_1932,1932,0
band_1933,1933,0
band_1934,1934,0
band_1935,1935,0
band_1936,1936,0
band_1937,1937,0
band_1938,1938,0
band_1939,1939,0
band_1940,1940,0
band_1941,1941,0
band_1942,1942,0
band_1943,1943,0
band_1944,1944,0
band_1945,1945,0
band_1946,1946,0
band_1947,1947,0
band_1948,1948,0
band_1949,1949,0
band_1950,1950,0
band_1951,1951,0
band_1952,1952,0
band_1953,1953,0
band_1954,1954,0
band_1955,1955,0
band_1956,1956,0
band_1957,1957,0
band_1958,1958,0
band_1959,1959,0
band_1960,1960,0
band_1961,1961,0
band_1962,1962,0
band_1963,1963,0
band_1964,1964,0
band_1965,1965,0
band_1966,1966,0
band_1967,1967,0
band_1968,1968,0
band_1969,1969,0
band_1970,1970,0
band_1971,1971,0
band_1972,1972,0
band_1973,1973,0
band_1974,1974,0
band_1975,1975,0
band_1976,1976,0
band_1977,1977,0
band_1978,1978,0
band_1979,1979,0
band_1980,1980,0
band_1981,1981,0
band_1982,1982,0
band_1983,1983,0
band_1984,1984,0
band_1985,1985,0
band_1986,1986,0
band_1987,1987,0
band_1988,1988,0
band_1989,1989,0
band_1990,1990,0
band_1991,1991,0
band_1992,1992,0
band_1993,1993,0
band_1994,1994,0
band_1995,1995,0
band_1996,1996,0
band_1997,1997,0
band_1998,1998,0
band_1999,1999,0
band_2000,2000,0
band_2001,2001,0
band_2002,2002,0
band_2003,2003,0
band_2004,2004,0
band_2005,2005,0
band_2006,2006,0
band_2007,2007,0
band_2008,2008,0
band_2009,2009,0
band_2010,2010,0
band_2011,2011,0
band_2012,2012,0
band_2013,2013,0
band_2014,2014,0
band_2015,2015,0
band_2016,2016,0
band_2017,2017,0
band_2018,2018,0
band_2019,2019,0
band_2020,2020,0
band_2021,2021,0
band_2022,2022,0
band_2023,2023,0
band_2024,2024,0
band_2025,2025,0
band_2026,2026,0
band_2027,2027,0
band_2028,2028,0
band_2029,2029,0
band_2030,2030,0
band_2031,2031,0
band_2032,2032,0
band_2033,2033,0
band_2034,2034,0
band_2035,2035,0
band_2036,2036,0
band_2037,2037,0
band_2038,2038,0
band_2039,2039,0
band_2040,2040,0
band_2041,2041,0
band_2042,2042,0
band_2043,2043,0
band_2044,2044,0
band_2045,2045,0
band_2046,2046,0
band_2047,2047,0
band_2048,2048,0
band_2049,2049,0
band_2050,2050,0
band_2051,2051,0
band_2052,2052,0
band_2053,2053,0
band_2054,2054,0
band_2055,2055,0
band_2056,2056,0
band_2057,2057,0
band_2058,2058,0
band_2059,2059,0
band_2060,2060,0
band_2061,2061,0
band_2062,2062,0
band_2063,2063,0
band_2064,2064,0
band_2065,2065,0
band_2066,2066,0
band_2067,2067,0
band_2068,2068,0
band_2069,2069,0
band_2070,2070,0
band_2071,2071,0
band_2072,2072,0
band_2073,2073,0
band_2074,2074,0
band_2075,2075,0
band_2076,2076,0
band_2077,2077,0
band_2078,2078,0
band_2079,2079,0
band_2080,2080,0
band_2081,2081,0
band_2082,2082,0
band_2083,2083,0
band_2084,2084,0
band_2085,2085,0
band_2086,2086,0
band_2087,2087,0
band_2088,2088,0
band_2089,2089,0
band_2090,2090,0
band_2091,2091,0
band_2092,2092,0
band_2093,2093,0
band_2094,2094,0
band_2095,2095,0
band_2096,2096,0
band_2097,2097,0
band_2098,2098,0
band_2099,2099,0
band_2100,2100,0
band_2101,2101,0
band_2102,2102,0
band_2103,2103,0
band_2104,2104,0
band_2105,2105,0
band_2106,2106,0
band_2107,2107,0
band_2108,2108,0
band_2109,2109,0
band_2110,2110,0
band_2111,2111,0
band_2112,2112,0
band_2113,2113,0
band_2114,2114,0
band_2115,2115,0
band_2116,2116,0
band_2117,2117,0
band_2118,2118,0
band_2119,2119,0
band_2120,2120,0
band_2121,2121,0
band_2122,2122,0
band_2123,2123,0
band_2124,2124,0
band_2125,2125,0
band_2126,2126,0
band_2127,2127,0
band_2128,2128,0
band_2129,2129,0
band_2130,2130,0
band_2131,2131,0
band_2132,2132,0
band_2133,2133,0
band_2134,2134,0
band_2135,2135,0
band_2136,2136,0
band_2137,2137,0
band_2138,2138,0
band_2139,2139,0
band_2140,2140,0
band_2141,2141,0
band_2142,2142,0
band_2143,2143,0
band_2144,2144,0
band_2145,2145,0
band_2146,2146,0
band_2147,2147,0
band_2148,2148,0
band_2149,2149,0
band_2150,2150,0
band_2151,2151,0
band_2152,2152,0
band_2153,2153,0
band_2154,2154,0
band_2155,2155,0
band_2156,2156,0
band_2157,2157,0
band_2158,2158,0
band_2159,2159,0
band_2160,2160,0
band_2161,2161,0
band_2162,2162,0
band_2163,2163,0
band_2164,2164,0
band_2165,2165,0
band_2166,2166,0
band_2167,2167,0
band_2168,2168,0
band_2169,2169,0
band_2170,2170,0
band_2171,2171,0
band_2172,2172,0
band_2173,2173,0
band_2174,2174,0
band_2175,2175,0
band_2176,2176,0
band_2177,2177,0
band_2178,2178,0
band_2179,2179,0
band_2180,2180,0
band_2181,2181,0
band_2182,2182,0
band_2183,2183,0
band_2184,2184,0
band_2185,2185,0
band_2186,2186,0
band_2187,2187,0
band_2188,2188,0
band_2189,2189,0
band_2190,2190,0
band_2191,2191,0
band_2192,2192,0
band_2193,2193,0
band_2194,2194,0
band_2195,2195,0
band_2196,2196,0
band_2197,2197,0
band_2198,2198,0
band_2199,2199,0
band_2200,2200,0
band_2201,2201,0
band_2202,2202,0
band_2203,2203,0
band_2204,2204,0
band_2205,2205,0
band_2206,2206,0
band_2207,2207,0
band_2208,2208,0
band_2209,2209,0
band_2210,2210,0
band_2211,2211,0
band_2212,2212,0
band_2213,2213,0
band_2214,2214,0
band_2215,2215,0
band_2216,2216,0
band_2217,2217,0
band_2218,2218,0
band_2219,2219,0
band_2220,2220,0
band_2221,2221,0
band_2222,2222,0
band_2223,2223,0
band_2224,2224,0
band_2225,2225,0
band_2226,2226,0
band_2227,2227,0
band_2228,2228,0
band_2229,2229,0
band_2230,2230,0
band_2231,2231,0
band_2232,2232,0
band_2233,2233,0
band_2234,2234,0
band_2235,2235,0
band_2236,2236,0
band_2237,2237,0
band_2238,2238,0
band_2239,2239,0
band_2240,2240,0
band_2241,2241,0
band_2242,2242,0
band_2243,2243,0
band_2244,2244,0
band_2245,2245,0
band_2246,2246,0
band_2247,2247,0
band_2248,2248,0
band_2249,2249,0
band_2250,2250,0
band_2251,2251,0
band_2252,2252,0
band_2253,2253,0
band_2254,2254,0
band_2255,2255,0
band_2256,2256,0
band_2257,2257,0
band_2258,2258,0
band_2259,2259,0
band_2260,2260,0
band_2261,2261,0
band_2262,2262,0
band_2263,2263,0
band_2264,2264,0
band_2265,2265,0
band_2266,2266,0
band_2267,2267,0
band_2268,2268,0
band_2269,2269,0
band_2270,2270,0
band_2271,2271,0
band_2272,2272,0
band_2273,2273,0
band_2274,2274,0
band_2275,2275,0
band_2276,2276,0
band_2277,2277,0
band_2278,2278,0
band_2279,2279,0
band_2280,2280,0
band_2281,2281,0
band_2282,2282,0
band_2283,2283,0
band_2284,2284,0
band_2285,2285,0
band_2286,2286,0
band_2287,2287,0
band_2288,2288,0
band_2289,2289,0
band_2290,2290,0
band_2291,2291,0
band_2292,2292,0
band_2293,2293,0
band_2294,2294,0
band_2295,2295,0
band_2296,2296,0
band_2297,2297,0
band_2298,2298,0
band_2299,2299,0
band_2300,2300,0
band_2301,2301,0
band_2302,2302,0
band_2303,2303,0
band_2304,2304,0
band_2305,2305,0
band_2306,2306,0
band_2307,2307,0
band_2308,2308,0
band_2309,2309,0
band_2310,2310,0
band_2311,2311,0
band_2312,2312,0
band_2313,2313,0
band_2314,2314,0
band_2315,2315,0
band_2316,2316,0
band_2317,2317,0
band_2318,2318,0
band_2319,2319,0
band_2320,2320,0
band_2321,2321,0
band_2322,2322,0
band_2323,2323,0
band_2324,2324,0
band_2325,2325,0
band_2326,2326,0
band_2327,2327,0
band_2328,2328,0
band_2329,2329,0
band_2330,2330,0
band_2331,2331,0
band_2332,2332,0
band_2333,2333,0
band_2334,2334,0
band_2335,2335,0
band_2336,2336,0
band_2337,2337,0
band_2338,2338,0
band_2339,2339,0
band_2340,2340,0
band_2341,2341,0
band_2342,2342,0
band_2343,2343,0
band_2344,2344,0
band_2345,2345,0
band_2346,2346,0
band_2347,2347,0
band_2348,2348,0
band_2349,2349,0
band_2350,2350,0
band_2351,2351,0
band_2352,2352,0
band_2353,2353,0
band_2354,2354,0
band_2355,2355,0
band_2356,2356,0
band_2357,2357,0
band_2358,2358,0
band_2359,2359,0
band_2360,2360,0
band_2361,2361,0
band_2362,2362,0
band_2363,2363,0
band_2364,2364,0
band_2365,2365,0
band_2366,2366,0
band_2367,2367,0
band_2368,2368,0
band_2369,2369,0
band_2370,2370,0
band_2371,2371,0
band_2372,2372,0
band_2373,2373,0
band_2374,2374,0
band_2375,2375,0
band_2376,2376,0
band_2377,2377,0
band_2378,2378,0
band_2379,2379,0
band_2380,2380,0
band_2381,2381,0
band_2382,2382,0
band_2383,2383,0
band_2384,2384,0
band_2385,2385,0
band_2386,2386,0
band_2387,2387,0
band_2388,2388,0
band_2389,2389,0
band_2390,2390,0
band_2391,2391,0
band_2392,2392,0
band_2393,2393,0
band_2394,2394,0
band_2395,2395,0
band_2396,2396,0
band_2397,2397,0
band_2398,2398,0
band_2399,2399,0
band_2400,2400,0
band_2401,2401,0
band_2402,2402,0
band_2403,2403,0
band_2404,2404,0
band_2405,2405,0
band_2406,2406,0
band_2407,2407,0
band_2408,2408,0
band_2409,2409,0
band_2410,2410,0
band_2411,2411,0
band_2412,2412,0
band_2413,2413,0
band_2414,2414,0
band_2415,2415,0
band_2416,2416,0
band_2417,2417,0
band_2418,2418,0
band_2419,2419,0
band_2420,2420,0
band_2421,2421,0
band_2422,2422,0
band_2423,2423,0
band_2424,2424,0
band_2425,2425,0
band_2426,2426,0
band_2427,2427,0
band_2428,2428,0
band_2429,2429,0
band_2430,2430,0
band_2431,2431,0
band_2432,2432,0
band_2433,2433,0
band_2434,2434,0
band_2435,2435,0
band_2436,2436,0
band_2437,2437,0
band_2438,2438,0
band_2439,2439,0
band_2440,2440,0
band_2441,2441,0
band_2442,2442,0
band_2443,2443,0
band_2444,2444,0
band_2445,2445,0
band_2446,2446,0
band_2447,2447,0
band_2448,2448,0
band_2449,2449,0
band_2450,2450,0
band_2451,2451,0
band_2452,2452,0
band_2453,2453,0
band_2454,2454,0
band_2455,2455,0
band_2456,2456,0
band_2457,2457,0
band_2458,2458,0
band_2459,2459,0
band_2460,2460,0
band_2461,2461,0
band_2462,2462,0
band_2463,2463,0
band_2464,2464,0
band_2465,2465,0
band_2466,2466,0
band_2467,2467,0
band_2468,2468,0
band_2469,2469,0
band_2470,2470,0
band_2471,2471,0
band_2472,2472,0
band_2473,2473,0
band_2474,2474,0
band_2475,2475,0
band_2476,2476,0
band_2477,2477,0
band_2478,2478,0
band_2479,2479,0
band_2480,2480,0
band_2481,2481,0
band_2482,2482,0
band_2483,2483,0
band_2484,2484,0
band_2485,2485,0
band_2486,2486,0
band_2487,2487,0
band_2488,2488,0
band_2489,2489,0
band_2490,2490,0
band_2491,2491,0
band_2492,2492,0
band_2493,2493,0
band_2494,2494,0
band_2495,2495,0
band_2496,2496,0
band_2497,2497,0
band_2498,2498,0
band_2499,2499,0
band_2500,2500,0
