number,objective,datetime_start,datetime_complete,duration,params_lda_shrinkage,params_lda_shrinkage_mode,params_lda_solver,user_attrs_accuracy,user_attrs_f1_macro,user_attrs_kappa,state,accuracy,f1_macro,kappa
40,0.6062734576534576,2026-05-19 10:51:46.224568,2026-05-19 10:51:46.274146,0 days 00:00:00.049578,3.647884604092513e-05,float,eigen,0.6458333333333333,0.6055701243201242,0.575,COMPLETE,0.6458333333333333,0.6055701243201242,0.575
41,0.6062734576534576,2026-05-19 10:51:46.274146,2026-05-19 10:51:46.321085,0 days 00:00:00.046939,3.4894832836949275e-05,float,eigen,0.6458333333333333,0.6055701243201242,0.575,COMPLETE,0.6458333333333333,0.6055701243201242,0.575
57,0.6062734576534576,2026-05-19 10:51:47.046854,2026-05-19 10:51:47.094241,0 days 00:00:00.047387,4.5342673754301306e-05,float,eigen,0.6458333333333333,0.6055701243201242,0.575,COMPLETE,0.6458333333333333,0.6055701243201242,0.575
68,0.6062734576534576,2026-05-19 10:51:47.580056,2026-05-19 10:51:47.629071,0 days 00:00:00.049015,3.9002176389496823e-05,float,eigen,0.6458333333333333,0.6055701243201242,0.575,COMPLETE,0.6458333333333333,0.6055701243201242,0.575
72,0.6062734576534576,2026-05-19 10:51:47.774174,2026-05-19 10:51:47.854008,0 days 00:00:00.079834,4.753527005335559e-05,float,eigen,0.6458333333333333,0.6055701243201242,0.575,COMPLETE,0.6458333333333333,0.6055701243201242,0.575
121,0.6062734576534576,2026-05-19 10:51:50.201319,2026-05-19 10:51:50.248590,0 days 00:00:00.047271,4.976866302671298e-05,float,eigen,0.6458333333333333,0.6055701243201242,0.575,COMPLETE,0.6458333333333333,0.6055701243201242,0.575
102,0.6062734576534576,2026-05-19 10:51:49.252227,2026-05-19 10:51:49.299275,0 days 00:00:00.047048,4.545701763393922e-05,float,eigen,0.6458333333333333,0.6055701243201242,0.575,COMPLETE,0.6458333333333333,0.6055701243201242,0.575
118,0.6062734576534576,2026-05-19 10:51:50.052161,2026-05-19 10:51:50.104079,0 days 00:00:00.051918,4.1338126606896384e-05,float,eigen,0.6458333333333333,0.6055701243201242,0.575,COMPLETE,0.6458333333333333,0.6055701243201242,0.575
111,0.6062734576534576,2026-05-19 10:51:49.713972,2026-05-19 10:51:49.761306,0 days 00:00:00.047334,3.519572727717945e-05,float,eigen,0.6458333333333333,0.6055701243201242,0.575,COMPLETE,0.6458333333333333,0.6055701243201242,0.575
113,0.6062734576534576,2026-05-19 10:51:49.806969,2026-05-19 10:51:49.854975,0 days 00:00:00.048006,3.756353082089733e-05,float,eigen,0.6458333333333333,0.6055701243201242,0.575,COMPLETE,0.6458333333333333,0.6055701243201242,0.575
91,0.6062734576534576,2026-05-19 10:51:48.712789,2026-05-19 10:51:48.759335,0 days 00:00:00.046546,4.374272937185687e-05,float,eigen,0.6458333333333333,0.6055701243201242,0.575,COMPLETE,0.6458333333333333,0.6055701243201242,0.575
93,0.6062734576534576,2026-05-19 10:51:48.804942,2026-05-19 10:51:48.850800,0 days 00:00:00.045858,4.459783319096421e-05,float,eigen,0.6458333333333333,0.6055701243201242,0.575,COMPLETE,0.6458333333333333,0.6055701243201242,0.575
101,0.6062734576534576,2026-05-19 10:51:49.204283,2026-05-19 10:51:49.252227,0 days 00:00:00.047944,4.424968117485803e-05,float,eigen,0.6458333333333333,0.6055701243201242,0.575,COMPLETE,0.6458333333333333,0.6055701243201242,0.575
98,0.6062734576534576,2026-05-19 10:51:49.062191,2026-05-19 10:51:49.109779,0 days 00:00:00.047588,4.3715375421466406e-05,float,eigen,0.6458333333333333,0.6055701243201242,0.575,COMPLETE,0.6458333333333333,0.6055701243201242,0.575
74,0.6062734576534576,2026-05-19 10:51:47.908768,2026-05-19 10:51:47.957429,0 days 00:00:00.048661,3.529742242595977e-05,float,eigen,0.6458333333333333,0.6055701243201242,0.575,COMPLETE,0.6458333333333333,0.6055701243201242,0.575
77,0.6062734576534576,2026-05-19 10:51:48.055056,2026-05-19 10:51:48.103191,0 days 00:00:00.048135,4.072396379342767e-05,float,eigen,0.6458333333333333,0.6055701243201242,0.575,COMPLETE,0.6458333333333333,0.6055701243201242,0.575
84,0.6062734576534576,2026-05-19 10:51:48.382697,2026-05-19 10:51:48.429444,0 days 00:00:00.046747,4.2528160728373675e-05,float,eigen,0.6458333333333333,0.6055701243201242,0.575,COMPLETE,0.6458333333333333,0.6055701243201242,0.575
82,0.6062734576534576,2026-05-19 10:51:48.290675,2026-05-19 10:51:48.336822,0 days 00:00:00.046147,4.747282555932167e-05,float,eigen,0.6458333333333333,0.6055701243201242,0.575,COMPLETE,0.6458333333333333,0.6055701243201242,0.575
66,0.6062734576534576,2026-05-19 10:51:47.479899,2026-05-19 10:51:47.530667,0 days 00:00:00.050768,3.771604238665851e-05,float,eigen,0.6458333333333333,0.6055701243201242,0.575,COMPLETE,0.6458333333333333,0.6055701243201242,0.575
63,0.6062734576534576,2026-05-19 10:51:47.335507,2026-05-19 10:51:47.383130,0 days 00:00:00.047623,4.563511908865882e-05,float,eigen,0.6458333333333333,0.6055701243201242,0.575,COMPLETE,0.6458333333333333,0.6055701243201242,0.575
61,0.6062734576534576,2026-05-19 10:51:47.245125,2026-05-19 10:51:47.290510,0 days 00:00:00.045385,4.207375123938797e-05,float,eigen,0.6458333333333333,0.6055701243201242,0.575,COMPLETE,0.6458333333333333,0.6055701243201242,0.575
71,0.6062734576534576,2026-05-19 10:51:47.727961,2026-05-19 10:51:47.774174,0 days 00:00:00.046213,4.789475812703875e-05,float,eigen,0.6458333333333333,0.6055701243201242,0.575,COMPLETE,0.6458333333333333,0.6055701243201242,0.575
73,0.6062734576534576,2026-05-19 10:51:47.855476,2026-05-19 10:51:47.907767,0 days 00:00:00.052291,4.453100589717166e-05,float,eigen,0.6458333333333333,0.6055701243201242,0.575,COMPLETE,0.6458333333333333,0.6055701243201242,0.575
59,0.6062734576534576,2026-05-19 10:51:47.148262,2026-05-19 10:51:47.194315,0 days 00:00:00.046053,4.920357460024187e-05,float,eigen,0.6458333333333333,0.6055701243201242,0.575,COMPLETE,0.6458333333333333,0.6055701243201242,0.575
123,0.6062734576534576,2026-05-19 10:51:50.299365,2026-05-19 10:51:50.349299,0 days 00:00:00.049934,4.376568841440009e-05,float,eigen,0.6458333333333333,0.6055701243201242,0.575,COMPLETE,0.6458333333333333,0.6055701243201242,0.575
122,0.6062734576534576,2026-05-19 10:51:50.248590,2026-05-19 10:51:50.298364,0 days 00:00:00.049774,4.2935716222373416e-05,float,eigen,0.6458333333333333,0.6055701243201242,0.575,COMPLETE,0.6458333333333333,0.6055701243201242,0.575
187,0.6062734576534576,2026-05-19 10:51:54.144391,2026-05-19 10:51:54.197096,0 days 00:00:00.052705,4.06233530573595e-05,float,eigen,0.6458333333333333,0.6055701243201242,0.575,COMPLETE,0.6458333333333333,0.6055701243201242,0.575
154,0.6062734576534576,2026-05-19 10:51:52.325892,2026-05-19 10:51:52.394271,0 days 00:00:00.068379,4.686095355110536e-05,float,eigen,0.6458333333333333,0.6055701243201242,0.575,COMPLETE,0.6458333333333333,0.6055701243201242,0.575
165,0.6062734576534576,2026-05-19 10:51:52.996138,2026-05-19 10:51:53.047463,0 days 00:00:00.051325,4.782514735386887e-05,float,eigen,0.6458333333333333,0.6055701243201242,0.575,COMPLETE,0.6458333333333333,0.6055701243201242,0.575
191,0.6062734576534576,2026-05-19 10:51:54.357472,2026-05-19 10:51:54.414193,0 days 00:00:00.056721,5.032591595443706e-05,float,eigen,0.6458333333333333,0.6055701243201242,0.575,COMPLETE,0.6458333333333333,0.6055701243201242,0.575
201,0.6062734576534576,2026-05-19 10:51:54.868197,2026-05-19 10:51:54.915446,0 days 00:00:00.047249,5.021433705177518e-05,float,eigen,0.6458333333333333,0.6055701243201242,0.575,COMPLETE,0.6458333333333333,0.6055701243201242,0.575
214,0.6062734576534576,2026-05-19 10:51:55.517131,2026-05-19 10:51:55.565227,0 days 00:00:00.048096,3.5572688505705876e-05,float,eigen,0.6458333333333333,0.6055701243201242,0.575,COMPLETE,0.6458333333333333,0.6055701243201242,0.575
192,0.6062734576534576,2026-05-19 10:51:54.414193,2026-05-19 10:51:54.466169,0 days 00:00:00.051976,4.403075517441236e-05,float,eigen,0.6458333333333333,0.6055701243201242,0.575,COMPLETE,0.6458333333333333,0.6055701243201242,0.575
194,0.6062734576534576,2026-05-19 10:51:54.517216,2026-05-19 10:51:54.568282,0 days 00:00:00.051066,3.9449792922670165e-05,float,eigen,0.6458333333333333,0.6055701243201242,0.575,COMPLETE,0.6458333333333333,0.6055701243201242,0.575
213,0.6062734576534576,2026-05-19 10:51:55.466527,2026-05-19 10:51:55.517131,0 days 00:00:00.050604,4.721926910692403e-05,float,eigen,0.6458333333333333,0.6055701243201242,0.575,COMPLETE,0.6458333333333333,0.6055701243201242,0.575
241,0.6062734576534576,2026-05-19 10:51:56.909418,2026-05-19 10:51:56.960602,0 days 00:00:00.051184,4.33587536857727e-05,float,eigen,0.6458333333333333,0.6055701243201242,0.575,COMPLETE,0.6458333333333333,0.6055701243201242,0.575
220,0.6062734576534576,2026-05-19 10:51:55.809874,2026-05-19 10:51:55.860073,0 days 00:00:00.050199,3.875101873856343e-05,float,eigen,0.6458333333333333,0.6055701243201242,0.575,COMPLETE,0.6458333333333333,0.6055701243201242,0.575
243,0.6062734576534576,2026-05-19 10:51:57.008863,2026-05-19 10:51:57.061060,0 days 00:00:00.052197,3.4269657708569316e-05,float,eigen,0.6458333333333333,0.6055701243201242,0.575,COMPLETE,0.6458333333333333,0.6055701243201242,0.575
234,0.6062734576534576,2026-05-19 10:51:56.557498,2026-05-19 10:51:56.612504,0 days 00:00:00.055006,3.634493543331138e-05,float,eigen,0.6458333333333333,0.6055701243201242,0.575,COMPLETE,0.6458333333333333,0.6055701243201242,0.575
221,0.6062734576534576,2026-05-19 10:51:55.860073,2026-05-19 10:51:55.911667,0 days 00:00:00.051594,3.888694169163915e-05,float,eigen,0.6458333333333333,0.6055701243201242,0.575,COMPLETE,0.6458333333333333,0.6055701243201242,0.575
203,0.6062734576534576,2026-05-19 10:51:54.965155,2026-05-19 10:51:55.014099,0 days 00:00:00.048944,3.669229764476111e-05,float,eigen,0.6458333333333333,0.6055701243201242,0.575,COMPLETE,0.6458333333333333,0.6055701243201242,0.575
202,0.6062734576534576,2026-05-19 10:51:54.915446,2026-05-19 10:51:54.965155,0 days 00:00:00.049709,3.85227930164003e-05,float,eigen,0.6458333333333333,0.6055701243201242,0.575,COMPLETE,0.6458333333333333,0.6055701243201242,0.575
141,0.6062734576534576,2026-05-19 10:51:51.525229,2026-05-19 10:51:51.596055,0 days 00:00:00.070826,4.051310517868856e-05,float,eigen,0.6458333333333333,0.6055701243201242,0.575,COMPLETE,0.6458333333333333,0.6055701243201242,0.575
145,0.6062734576534576,2026-05-19 10:51:51.795336,2026-05-19 10:51:51.863088,0 days 00:00:00.067752,3.577346776269934e-05,float,eigen,0.6458333333333333,0.6055701243201242,0.575,COMPLETE,0.6458333333333333,0.6055701243201242,0.575
153,0.6062734576534576,2026-05-19 10:51:52.272574,2026-05-19 10:51:52.325892,0 days 00:00:00.053318,4.81922379347553e-05,float,eigen,0.6458333333333333,0.6055701243201242,0.575,COMPLETE,0.6458333333333333,0.6055701243201242,0.575
157,0.6062734576534576,2026-05-19 10:51:52.508966,2026-05-19 10:51:52.567634,0 days 00:00:00.058668,3.8489572420229486e-05,float,eigen,0.6458333333333333,0.6055701243201242,0.575,COMPLETE,0.6458333333333333,0.6055701243201242,0.575
169,0.6062734576534576,2026-05-19 10:51:53.204028,2026-05-19 10:51:53.260057,0 days 00:00:00.056029,4.915736074336867e-05,float,eigen,0.6458333333333333,0.6055701243201242,0.575,COMPLETE,0.6458333333333333,0.6055701243201242,0.575
170,0.6062734576534576,2026-05-19 10:51:53.260057,2026-05-19 10:51:53.307169,0 days 00:00:00.047112,3.5049696585559555e-05,float,eigen,0.6458333333333333,0.6055701243201242,0.575,COMPLETE,0.6458333333333333,0.6055701243201242,0.575
182,0.6062734576534576,2026-05-19 10:51:53.859546,2026-05-19 10:51:53.907293,0 days 00:00:00.047747,3.515891726509537e-05,float,eigen,0.6458333333333333,0.6055701243201242,0.575,COMPLETE,0.6458333333333333,0.6055701243201242,0.575
162,0.6062734576534576,2026-05-19 10:51:52.845924,2026-05-19 10:51:52.894133,0 days 00:00:00.048209,4.1805925305397235e-05,float,eigen,0.6458333333333333,0.6055701243201242,0.575,COMPLETE,0.6458333333333333,0.6055701243201242,0.575
133,0.6062734576534576,2026-05-19 10:51:50.918394,2026-05-19 10:51:50.979003,0 days 00:00:00.060609,3.4810051750719975e-05,float,eigen,0.6458333333333333,0.6055701243201242,0.575,COMPLETE,0.6458333333333333,0.6055701243201242,0.575
124,0.6062734576534576,2026-05-19 10:51:50.350300,2026-05-19 10:51:50.399907,0 days 00:00:00.049607,4.7368148742276625e-05,float,eigen,0.6458333333333333,0.6055701243201242,0.575,COMPLETE,0.6458333333333333,0.6055701243201242,0.575
148,0.6062734576534576,2026-05-19 10:51:51.970328,2026-05-19 10:51:52.039210,0 days 00:00:00.068882,3.547234495318764e-05,float,eigen,0.6458333333333333,0.6055701243201242,0.575,COMPLETE,0.6458333333333333,0.6055701243201242,0.575
140,0.6010643753322701,2026-05-19 10:51:51.467001,2026-05-19 10:51:51.525229,0 days 00:00:00.058228,2.77613933825588e-05,float,eigen,0.6388888888888888,0.6003688197767145,0.5666666666666667,COMPLETE,0.6388888888888888,0.6003688197767145,0.5666666666666667
76,0.6010643753322701,2026-05-19 10:51:48.005298,2026-05-19 10:51:48.055056,0 days 00:00:00.049758,2.949630590149891e-05,float,eigen,0.6388888888888888,0.6003688197767145,0.5666666666666667,COMPLETE,0.6388888888888888,0.6003688197767145,0.5666666666666667
183,0.6010643753322701,2026-05-19 10:51:53.907293,2026-05-19 10:51:53.954017,0 days 00:00:00.046724,3.327967520064668e-05,float,eigen,0.6388888888888888,0.6003688197767145,0.5666666666666667,COMPLETE,0.6388888888888888,0.6003688197767145,0.5666666666666667
86,0.6010643753322701,2026-05-19 10:51:48.477988,2026-05-19 10:51:48.524152,0 days 00:00:00.046164,3.302883151353208e-05,float,eigen,0.6388888888888888,0.6003688197767145,0.5666666666666667,COMPLETE,0.6388888888888888,0.6003688197767145,0.5666666666666667
104,0.6010643753322701,2026-05-19 10:51:49.347001,2026-05-19 10:51:49.397957,0 days 00:00:00.050956,3.165676368511103e-05,float,eigen,0.6388888888888888,0.6003688197767145,0.5666666666666667,COMPLETE,0.6388888888888888,0.6003688197767145,0.5666666666666667
147,0.6010643753322701,2026-05-19 10:51:51.919026,2026-05-19 10:51:51.970328,0 days 00:00:00.051302,3.2051135168094594e-05,float,eigen,0.6388888888888888,0.6003688197767145,0.5666666666666667,COMPLETE,0.6388888888888888,0.6003688197767145,0.5666666666666667
185,0.6010643753322701,2026-05-19 10:51:54.004717,2026-05-19 10:51:54.092844,0 days 00:00:00.088127,2.9081316192617694e-05,float,eigen,0.6388888888888888,0.6003688197767145,0.5666666666666667,COMPLETE,0.6388888888888888,0.6003688197767145,0.5666666666666667
223,0.6010643753322701,2026-05-19 10:51:55.960865,2026-05-19 10:51:56.007661,0 days 00:00:00.046796,3.239205431903447e-05,float,eigen,0.6388888888888888,0.6003688197767145,0.5666666666666667,COMPLETE,0.6388888888888888,0.6003688197767145,0.5666666666666667
225,0.6010643753322701,2026-05-19 10:51:56.054894,2026-05-19 10:51:56.125211,0 days 00:00:00.070317,3.291085636156833e-05,float,eigen,0.6388888888888888,0.6003688197767145,0.5666666666666667,COMPLETE,0.6388888888888888,0.6003688197767145,0.5666666666666667
172,0.6010643753322701,2026-05-19 10:51:53.356510,2026-05-19 10:51:53.402452,0 days 00:00:00.045942,2.939810036420828e-05,float,eigen,0.6388888888888888,0.6003688197767145,0.5666666666666667,COMPLETE,0.6388888888888888,0.6003688197767145,0.5666666666666667
209,0.6010643753322701,2026-05-19 10:51:55.265388,2026-05-19 10:51:55.314172,0 days 00:00:00.048784,3.0686166893522525e-05,float,eigen,0.6388888888888888,0.6003688197767145,0.5666666666666667,COMPLETE,0.6388888888888888,0.6003688197767145,0.5666666666666667
236,0.6010643753322701,2026-05-19 10:51:56.663048,2026-05-19 10:51:56.708699,0 days 00:00:00.045651,3.120983789813585e-05,float,eigen,0.6388888888888888,0.6003688197767145,0.5666666666666667,COMPLETE,0.6388888888888888,0.6003688197767145,0.5666666666666667
135,0.5944187909166857,2026-05-19 10:51:51.042317,2026-05-19 10:51:51.112834,0 days 00:00:00.070517,2.742094335725942e-05,float,eigen,0.6319444444444444,0.5937310131389079,0.5583333333333333,COMPLETE,0.6319444444444444,0.5937310131389079,0.5583333333333333
156,0.5944187909166857,2026-05-19 10:51:52.456459,2026-05-19 10:51:52.508426,0 days 00:00:00.051967,2.7141445527025073e-05,float,eigen,0.6319444444444444,0.5937310131389079,0.5583333333333333,COMPLETE,0.6319444444444444,0.5937310131389079,0.5583333333333333
238,0.5944187909166857,2026-05-19 10:51:56.759407,2026-05-19 10:51:56.811720,0 days 00:00:00.052313,2.6811069981572147e-05,float,eigen,0.6319444444444444,0.5937310131389079,0.5583333333333333,COMPLETE,0.6319444444444444,0.5937310131389079,0.5583333333333333
92,0.593712261072261,2026-05-19 10:51:48.760337,2026-05-19 10:51:48.803935,0 days 00:00:00.043598,5.2497269114379634e-05,float,eigen,0.6388888888888888,0.5930167055167055,0.5666666666666667,COMPLETE,0.6388888888888888,0.5930167055167055,0.5666666666666667
80,0.593712261072261,2026-05-19 10:51:48.198252,2026-05-19 10:51:48.244276,0 days 00:00:00.046024,6.481189430821216e-05,float,eigen,0.6388888888888888,0.5930167055167055,0.5666666666666667,COMPLETE,0.6388888888888888,0.5930167055167055,0.5666666666666667
103,0.593712261072261,2026-05-19 10:51:49.299275,2026-05-19 10:51:49.347001,0 days 00:00:00.047726,5.673554125111554e-05,float,eigen,0.6388888888888888,0.5930167055167055,0.5666666666666667,COMPLETE,0.6388888888888888,0.5930167055167055,0.5666666666666667
65,0.593712261072261,2026-05-19 10:51:47.433969,2026-05-19 10:51:47.479899,0 days 00:00:00.045930,5.076187412655604e-05,float,eigen,0.6388888888888888,0.5930167055167055,0.5666666666666667,COMPLETE,0.6388888888888888,0.5930167055167055,0.5666666666666667
127,0.593712261072261,2026-05-19 10:51:50.495215,2026-05-19 10:51:50.544782,0 days 00:00:00.049567,6.210663317853503e-05,float,eigen,0.6388888888888888,0.5930167055167055,0.5666666666666667,COMPLETE,0.6388888888888888,0.5930167055167055,0.5666666666666667
94,0.593712261072261,2026-05-19 10:51:48.850800,2026-05-19 10:51:48.895434,0 days 00:00:00.044634,5.434377586933945e-05,float,eigen,0.6388888888888888,0.5930167055167055,0.5666666666666667,COMPLETE,0.6388888888888888,0.5930167055167055,0.5666666666666667
212,0.593712261072261,2026-05-19 10:51:55.419557,2026-05-19 10:51:55.466527,0 days 00:00:00.046970,5.4115628330628656e-05,float,eigen,0.6388888888888888,0.5930167055167055,0.5666666666666667,COMPLETE,0.6388888888888888,0.5930167055167055,0.5666666666666667
233,0.593712261072261,2026-05-19 10:51:56.508613,2026-05-19 10:51:56.556500,0 days 00:00:00.047887,5.7886923180879e-05,float,eigen,0.6388888888888888,0.5930167055167055,0.5666666666666667,COMPLETE,0.6388888888888888,0.5930167055167055,0.5666666666666667
231,0.593712261072261,2026-05-19 10:51:56.410937,2026-05-19 10:51:56.461314,0 days 00:00:00.050377,5.796318365191078e-05,float,eigen,0.6388888888888888,0.5930167055167055,0.5666666666666667,COMPLETE,0.6388888888888888,0.5930167055167055,0.5666666666666667
232,0.593712261072261,2026-05-19 10:51:56.461314,2026-05-19 10:51:56.508613,0 days 00:00:00.047299,5.442112402555217e-05,float,eigen,0.6388888888888888,0.5930167055167055,0.5666666666666667,COMPLETE,0.6388888888888888,0.5930167055167055,0.5666666666666667
219,0.593712261072261,2026-05-19 10:51:55.761279,2026-05-19 10:51:55.809874,0 days 00:00:00.048595,5.7513285031418156e-05,float,eigen,0.6388888888888888,0.5930167055167055,0.5666666666666667,COMPLETE,0.6388888888888888,0.5930167055167055,0.5666666666666667
242,0.593712261072261,2026-05-19 10:51:56.960602,2026-05-19 10:51:57.008863,0 days 00:00:00.048261,6.394581339149577e-05,float,eigen,0.6388888888888888,0.5930167055167055,0.5666666666666667,COMPLETE,0.6388888888888888,0.5930167055167055,0.5666666666666667
222,0.593712261072261,2026-05-19 10:51:55.911667,2026-05-19 10:51:55.959866,0 days 00:00:00.048199,5.564330563380508e-05,float,eigen,0.6388888888888888,0.5930167055167055,0.5666666666666667,COMPLETE,0.6388888888888888,0.5930167055167055,0.5666666666666667
131,0.593712261072261,2026-05-19 10:51:50.728897,2026-05-19 10:51:50.814410,0 days 00:00:00.085513,6.838756955811144e-05,float,eigen,0.6388888888888888,0.5930167055167055,0.5666666666666667,COMPLETE,0.6388888888888888,0.5930167055167055,0.5666666666666667
161,0.593712261072261,2026-05-19 10:51:52.792541,2026-05-19 10:51:52.845924,0 days 00:00:00.053383,5.818071647577973e-05,float,eigen,0.6388888888888888,0.5930167055167055,0.5666666666666667,COMPLETE,0.6388888888888888,0.5930167055167055,0.5666666666666667
181,0.593712261072261,2026-05-19 10:51:53.807585,2026-05-19 10:51:53.859546,0 days 00:00:00.051961,5.5838200816049245e-05,float,eigen,0.6388888888888888,0.5930167055167055,0.5666666666666667,COMPLETE,0.6388888888888888,0.5930167055167055,0.5666666666666667
193,0.593712261072261,2026-05-19 10:51:54.467170,2026-05-19 10:51:54.517216,0 days 00:00:00.050046,5.4301864448560545e-05,float,eigen,0.6388888888888888,0.5930167055167055,0.5666666666666667,COMPLETE,0.6388888888888888,0.5930167055167055,0.5666666666666667
142,0.593712261072261,2026-05-19 10:51:51.596055,2026-05-19 10:51:51.665392,0 days 00:00:00.069337,6.00090740496013e-05,float,eigen,0.6388888888888888,0.5930167055167055,0.5666666666666667,COMPLETE,0.6388888888888888,0.5930167055167055,0.5666666666666667
151,0.593712261072261,2026-05-19 10:51:52.168520,2026-05-19 10:51:52.221621,0 days 00:00:00.053101,5.2622517634410404e-05,float,eigen,0.6388888888888888,0.5930167055167055,0.5666666666666667,COMPLETE,0.6388888888888888,0.5930167055167055,0.5666666666666667
171,0.593712261072261,2026-05-19 10:51:53.308167,2026-05-19 10:51:53.355502,0 days 00:00:00.047335,6.714422631676321e-05,float,eigen,0.6388888888888888,0.5930167055167055,0.5666666666666667,COMPLETE,0.6388888888888888,0.5930167055167055,0.5666666666666667
132,0.593712261072261,2026-05-19 10:51:50.814410,2026-05-19 10:51:50.918394,0 days 00:00:00.103984,6.732403553714622e-05,float,eigen,0.6388888888888888,0.5930167055167055,0.5666666666666667,COMPLETE,0.6388888888888888,0.5930167055167055,0.5666666666666667
152,0.593712261072261,2026-05-19 10:51:52.221621,2026-05-19 10:51:52.272574,0 days 00:00:00.050953,5.2266684949890755e-05,float,eigen,0.6388888888888888,0.5930167055167055,0.5666666666666667,COMPLETE,0.6388888888888888,0.5930167055167055,0.5666666666666667
54,0.593712261072261,2026-05-19 10:51:46.904081,2026-05-19 10:51:46.951136,0 days 00:00:00.047055,5.838287863605532e-05,float,lsqr,0.6388888888888888,0.5930167055167055,0.5666666666666667,COMPLETE,0.6388888888888888,0.5930167055167055,0.5666666666666667
42,0.593712261072261,2026-05-19 10:51:46.321085,2026-05-19 10:51:46.368243,0 days 00:00:00.047158,5.8641026135985584e-05,float,eigen,0.6388888888888888,0.5930167055167055,0.5666666666666667,COMPLETE,0.6388888888888888,0.5930167055167055,0.5666666666666667
48,0.593712261072261,2026-05-19 10:51:46.618444,2026-05-19 10:51:46.667463,0 days 00:00:00.049019,6.37528149562173e-05,float,eigen,0.6388888888888888,0.5930167055167055,0.5666666666666667,COMPLETE,0.6388888888888888,0.5930167055167055,0.5666666666666667
83,0.593712261072261,2026-05-19 10:51:48.336822,2026-05-19 10:51:48.382697,0 days 00:00:00.045875,5.98178507267191e-05,float,eigen,0.6388888888888888,0.5930167055167055,0.5666666666666667,COMPLETE,0.6388888888888888,0.5930167055167055,0.5666666666666667
81,0.593712261072261,2026-05-19 10:51:48.244276,2026-05-19 10:51:48.289675,0 days 00:00:00.045399,6.217111986474921e-05,float,eigen,0.6388888888888888,0.5930167055167055,0.5666666666666667,COMPLETE,0.6388888888888888,0.5930167055167055,0.5666666666666667
178,0.5936101368892546,2026-05-19 10:51:53.662254,2026-05-19 10:51:53.711900,0 days 00:00:00.049646,8.36715600518187e-05,float,eigen,0.6388888888888888,0.592914581333699,0.5666666666666667,COMPLETE,0.6388888888888888,0.592914581333699,0.5666666666666667
206,0.5936101368892546,2026-05-19 10:51:55.112797,2026-05-19 10:51:55.165737,0 days 00:00:00.052940,7.400824937872511e-05,float,eigen,0.6388888888888888,0.592914581333699,0.5666666666666667,COMPLETE,0.6388888888888888,0.592914581333699,0.5666666666666667
226,0.5936101368892546,2026-05-19 10:51:56.126212,2026-05-19 10:51:56.181171,0 days 00:00:00.054959,8.808872538081965e-05,float,eigen,0.6388888888888888,0.592914581333699,0.5666666666666667,COMPLETE,0.6388888888888888,0.592914581333699,0.5666666666666667
134,0.5936101368892546,2026-05-19 10:51:50.979003,2026-05-19 10:51:51.042317,0 days 00:00:00.063314,7.342911038493099e-05,float,eigen,0.6388888888888888,0.592914581333699,0.5666666666666667,COMPLETE,0.6388888888888888,0.592914581333699,0.5666666666666667
210,0.5936101368892546,2026-05-19 10:51:55.314172,2026-05-19 10:51:55.366587,0 days 00:00:00.052415,6.895687640026696e-05,float,eigen,0.6388888888888888,0.592914581333699,0.5666666666666667,COMPLETE,0.6388888888888888,0.592914581333699,0.5666666666666667
180,0.5936101368892546,2026-05-19 10:51:53.760067,2026-05-19 10:51:53.806583,0 days 00:00:00.046516,7.591562323296494e-05,float,eigen,0.6388888888888888,0.592914581333699,0.5666666666666667,COMPLETE,0.6388888888888888,0.592914581333699,0.5666666666666667
117,0.5936101368892546,2026-05-19 10:51:50.001396,2026-05-19 10:51:50.052161,0 days 00:00:00.050765,7.386473347820523e-05,float,eigen,0.6388888888888888,0.592914581333699,0.5666666666666667,COMPLETE,0.6388888888888888,0.592914581333699,0.5666666666666667
52,0.5936101368892546,2026-05-19 10:51:46.809146,2026-05-19 10:51:46.856799,0 days 00:00:00.047653,7.937993880830158e-05,float,eigen,0.6388888888888888,0.592914581333699,0.5666666666666667,COMPLETE,0.6388888888888888,0.592914581333699,0.5666666666666667
46,0.5936101368892546,2026-05-19 10:51:46.515371,2026-05-19 10:51:46.562089,0 days 00:00:00.046718,7.76169818958385e-05,float,eigen,0.6388888888888888,0.592914581333699,0.5666666666666667,COMPLETE,0.6388888888888888,0.592914581333699,0.5666666666666667
6,0.5936101368892546,2026-05-19 10:51:44.343352,2026-05-19 10:51:44.391205,0 days 00:00:00.047853,7.122305833333864e-05,float,eigen,0.6388888888888888,0.592914581333699,0.5666666666666667,COMPLETE,0.6388888888888888,0.592914581333699,0.5666666666666667
10,0.5936101368892546,2026-05-19 10:51:44.580402,2026-05-19 10:51:44.629027,0 days 00:00:00.048625,8.3998644459575e-05,float,lsqr,0.6388888888888888,0.592914581333699,0.5666666666666667,COMPLETE,0.6388888888888888,0.592914581333699,0.5666666666666667
45,0.5936101368892546,2026-05-19 10:51:46.467613,2026-05-19 10:51:46.515371,0 days 00:00:00.047758,7.485613786051442e-05,float,eigen,0.6388888888888888,0.592914581333699,0.5666666666666667,COMPLETE,0.6388888888888888,0.592914581333699,0.5666666666666667
53,0.5936101368892546,2026-05-19 10:51:46.857804,2026-05-19 10:51:46.903551,0 days 00:00:00.045747,7.909162077029306e-05,float,eigen,0.6388888888888888,0.592914581333699,0.5666666666666667,COMPLETE,0.6388888888888888,0.592914581333699,0.5666666666666667
50,0.5936101368892546,2026-05-19 10:51:46.716204,2026-05-19 10:51:46.760737,0 days 00:00:00.044533,8.754585890783315e-05,float,eigen,0.6388888888888888,0.592914581333699,0.5666666666666667,COMPLETE,0.6388888888888888,0.592914581333699,0.5666666666666667
51,0.5936101368892546,2026-05-19 10:51:46.762271,2026-05-19 10:51:46.809146,0 days 00:00:00.046875,8.680643439937302e-05,float,eigen,0.6388888888888888,0.592914581333699,0.5666666666666667,COMPLETE,0.6388888888888888,0.592914581333699,0.5666666666666667
44,0.5936101368892546,2026-05-19 10:51:46.419714,2026-05-19 10:51:46.467613,0 days 00:00:00.047899,8.88649860182499e-05,float,eigen,0.6388888888888888,0.592914581333699,0.5666666666666667,COMPLETE,0.6388888888888888,0.592914581333699,0.5666666666666667
47,0.5936101368892546,2026-05-19 10:51:46.563091,2026-05-19 10:51:46.617451,0 days 00:00:00.054360,7.575776864279649e-05,float,eigen,0.6388888888888888,0.592914581333699,0.5666666666666667,COMPLETE,0.6388888888888888,0.592914581333699,0.5666666666666667
43,0.5936101368892546,2026-05-19 10:51:46.368243,2026-05-19 10:51:46.419714,0 days 00:00:00.051471,8.796567034513002e-05,float,eigen,0.6388888888888888,0.592914581333699,0.5666666666666667,COMPLETE,0.6388888888888888,0.592914581333699,0.5666666666666667
239,0.5936101368892546,2026-05-19 10:51:56.811720,2026-05-19 10:51:56.862026,0 days 00:00:00.050306,8.80480205921948e-05,float,eigen,0.6388888888888888,0.592914581333699,0.5666666666666667,COMPLETE,0.6388888888888888,0.592914581333699,0.5666666666666667
199,0.5936101368892546,2026-05-19 10:51:54.771178,2026-05-19 10:51:54.818967,0 days 00:00:00.047789,8.287006481067513e-05,float,eigen,0.6388888888888888,0.592914581333699,0.5666666666666667,COMPLETE,0.6388888888888888,0.592914581333699,0.5666666666666667
189,0.5936101368892546,2026-05-19 10:51:54.245479,2026-05-19 10:51:54.295625,0 days 00:00:00.050146,8.727054352627166e-05,float,eigen,0.6388888888888888,0.592914581333699,0.5666666666666667,COMPLETE,0.6388888888888888,0.592914581333699,0.5666666666666667
14,0.5892853517632465,2026-05-19 10:51:44.790158,2026-05-19 10:51:44.840850,0 days 00:00:00.050692,2.3591373063477125e-05,float,eigen,0.625,0.5886053517632465,0.55,COMPLETE,0.625,0.5886053517632465,0.55
21,0.5892853517632465,2026-05-19 10:51:45.181409,2026-05-19 10:51:45.229273,0 days 00:00:00.047864,1.4359718569878088e-05,float,lsqr,0.625,0.5886053517632465,0.55,COMPLETE,0.625,0.5886053517632465,0.55
49,0.5892853517632465,2026-05-19 10:51:46.667463,2026-05-19 10:51:46.716204,0 days 00:00:00.048741,1.3030914032722491e-05,float,eigen,0.625,0.5886053517632465,0.55,COMPLETE,0.625,0.5886053517632465,0.55
16,0.5892853517632465,2026-05-19 10:51:44.901425,2026-05-19 10:51:44.948596,0 days 00:00:00.047171,2.345434227726051e-05,float,lsqr,0.625,0.5886053517632465,0.55,COMPLETE,0.625,0.5886053517632465,0.55
12,0.5892853517632465,2026-05-19 10:51:44.691033,2026-05-19 10:51:44.746248,0 days 00:00:00.055215,1.6832027985721912e-05,float,eigen,0.625,0.5886053517632465,0.55,COMPLETE,0.625,0.5886053517632465,0.55
37,0.5892853517632465,2026-05-19 10:51:46.049558,2026-05-19 10:51:46.108211,0 days 00:00:00.058653,1.2104285107995013e-05,float,lsqr,0.625,0.5886053517632465,0.55,COMPLETE,0.625,0.5886053517632465,0.55
120,0.5892853517632465,2026-05-19 10:51:50.150768,2026-05-19 10:51:50.201319,0 days 00:00:00.050551,1.1097188960253195e-05,float,eigen,0.625,0.5886053517632465,0.55,COMPLETE,0.625,0.5886053517632465,0.55
114,0.5892853517632465,2026-05-19 10:51:49.854975,2026-05-19 10:51:49.904767,0 days 00:00:00.049792,1.0420015555643965e-05,float,eigen,0.625,0.5886053517632465,0.55,COMPLETE,0.625,0.5886053517632465,0.55
55,0.5892853517632465,2026-05-19 10:51:46.951136,2026-05-19 10:51:46.997863,0 days 00:00:00.046727,2.4968945062361758e-05,float,eigen,0.625,0.5886053517632465,0.55,COMPLETE,0.625,0.5886053517632465,0.55
247,0.5892853517632465,2026-05-19 10:51:57.223633,2026-05-19 10:51:57.268739,0 days 00:00:00.045106,2.046725458612956e-05,float,lsqr,0.625,0.5886053517632465,0.55,COMPLETE,0.625,0.5886053517632465,0.55
218,0.5892853517632465,2026-05-19 10:51:55.713143,2026-05-19 10:51:55.761279,0 days 00:00:00.048136,1.0605958392669965e-05,float,eigen,0.625,0.5886053517632465,0.55,COMPLETE,0.625,0.5886053517632465,0.55
227,0.5892853517632465,2026-05-19 10:51:56.182173,2026-05-19 10:51:56.237028,0 days 00:00:00.054855,2.190163627900065e-05,float,eigen,0.625,0.5886053517632465,0.55,COMPLETE,0.625,0.5886053517632465,0.55
245,0.5892853517632465,2026-05-19 10:51:57.114004,2026-05-19 10:51:57.170143,0 days 00:00:00.056139,2.2474866932532457e-05,float,eigen,0.625,0.5886053517632465,0.55,COMPLETE,0.625,0.5886053517632465,0.55
230,0.5892853517632465,2026-05-19 10:51:56.358367,2026-05-19 10:51:56.410937,0 days 00:00:00.052570,1.0064056612889426e-05,float,eigen,0.625,0.5886053517632465,0.55,COMPLETE,0.625,0.5886053517632465,0.55
198,0.5892853517632465,2026-05-19 10:51:54.718388,2026-05-19 10:51:54.770179,0 days 00:00:00.051791,2.3000544857082822e-05,float,eigen,0.625,0.5886053517632465,0.55,COMPLETE,0.625,0.5886053517632465,0.55
200,0.5892853517632465,2026-05-19 10:51:54.818967,2026-05-19 10:51:54.867198,0 days 00:00:00.048231,1.263359545177635e-05,float,eigen,0.625,0.5886053517632465,0.55,COMPLETE,0.625,0.5886053517632465,0.55
188,0.5892853517632465,2026-05-19 10:51:54.197096,2026-05-19 10:51:54.245479,0 days 00:00:00.048383,1.0816967221474824e-05,float,eigen,0.625,0.5886053517632465,0.55,COMPLETE,0.625,0.5886053517632465,0.55
196,0.5892853517632465,2026-05-19 10:51:54.618694,2026-05-19 10:51:54.668935,0 days 00:00:00.050241,2.50207484863794e-05,float,eigen,0.625,0.5886053517632465,0.55,COMPLETE,0.625,0.5886053517632465,0.55
207,0.5892853517632465,2026-05-19 10:51:55.165737,2026-05-19 10:51:55.216275,0 days 00:00:00.050538,2.587790112351306e-05,float,lsqr,0.625,0.5886053517632465,0.55,COMPLETE,0.625,0.5886053517632465,0.55
205,0.5892853517632465,2026-05-19 10:51:55.063800,2026-05-19 10:51:55.112797,0 days 00:00:00.048997,2.086176358619739e-05,float,eigen,0.625,0.5886053517632465,0.55,COMPLETE,0.625,0.5886053517632465,0.55
240,0.5892853517632465,2026-05-19 10:51:56.863025,2026-05-19 10:51:56.909418,0 days 00:00:00.046393,2.1117190710853788e-05,float,eigen,0.625,0.5886053517632465,0.55,COMPLETE,0.625,0.5886053517632465,0.55
211,0.5892853517632465,2026-05-19 10:51:55.367594,2026-05-19 10:51:55.418557,0 days 00:00:00.050963,1.1015145647052255e-05,float,eigen,0.625,0.5886053517632465,0.55,COMPLETE,0.625,0.5886053517632465,0.55
177,0.5892853517632465,2026-05-19 10:51:53.605355,2026-05-19 10:51:53.662254,0 days 00:00:00.056899,2.4814350734780178e-05,float,eigen,0.625,0.5886053517632465,0.55,COMPLETE,0.625,0.5886053517632465,0.55
179,0.5892853517632465,2026-05-19 10:51:53.712899,2026-05-19 10:51:53.760067,0 days 00:00:00.047168,1.2394499933188465e-05,float,eigen,0.625,0.5886053517632465,0.55,COMPLETE,0.625,0.5886053517632465,0.55
167,0.5892853517632465,2026-05-19 10:51:53.099702,2026-05-19 10:51:53.154356,0 days 00:00:00.054654,1.2432189943743782e-05,float,eigen,0.625,0.5886053517632465,0.55,COMPLETE,0.625,0.5886053517632465,0.55
138,0.5892853517632465,2026-05-19 10:51:51.342281,2026-05-19 10:51:51.401932,0 days 00:00:00.059651,2.2401239023725046e-05,float,eigen,0.625,0.5886053517632465,0.55,COMPLETE,0.625,0.5886053517632465,0.55
129,0.5892853517632465,2026-05-19 10:51:50.590483,2026-05-19 10:51:50.642772,0 days 00:00:00.052289,1.343772911464411e-05,float,eigen,0.625,0.5886053517632465,0.55,COMPLETE,0.625,0.5886053517632465,0.55
126,0.5892853517632465,2026-05-19 10:51:50.447046,2026-05-19 10:51:50.495215,0 days 00:00:00.048169,2.3064718600092542e-05,float,eigen,0.625,0.5886053517632465,0.55,COMPLETE,0.625,0.5886053517632465,0.55
143,0.5892853517632465,2026-05-19 10:51:51.665392,2026-05-19 10:51:51.727226,0 days 00:00:00.061834,1.0427289314088842e-05,float,eigen,0.625,0.5886053517632465,0.55,COMPLETE,0.625,0.5886053517632465,0.55
150,0.5892853517632465,2026-05-19 10:51:52.109207,2026-05-19 10:51:52.168520,0 days 00:00:00.059313,1.0081083475614371e-05,float,eigen,0.625,0.5886053517632465,0.55,COMPLETE,0.625,0.5886053517632465,0.55
174,0.5892853517632465,2026-05-19 10:51:53.455150,2026-05-19 10:51:53.504159,0 days 00:00:00.049009,2.4214399213893787e-05,float,eigen,0.625,0.5886053517632465,0.55,COMPLETE,0.625,0.5886053517632465,0.55
160,0.5892853517632465,2026-05-19 10:51:52.736889,2026-05-19 10:51:52.791543,0 days 00:00:00.054654,1.821612673023366e-05,float,eigen,0.625,0.5886053517632465,0.55,COMPLETE,0.625,0.5886053517632465,0.55
216,0.5892853517632465,2026-05-19 10:51:55.611925,2026-05-19 10:51:55.663940,0 days 00:00:00.052015,2.5492708771936523e-05,float,eigen,0.625,0.5886053517632465,0.55,COMPLETE,0.625,0.5886053517632465,0.55
164,0.5892853517632465,2026-05-19 10:51:52.947211,2026-05-19 10:51:52.996138,0 days 00:00:00.048927,2.3121259709776404e-05,float,eigen,0.625,0.5886053517632465,0.55,COMPLETE,0.625,0.5886053517632465,0.55
108,0.5892853517632465,2026-05-19 10:51:49.546781,2026-05-19 10:51:49.595209,0 days 00:00:00.048428,2.3206516750509453e-05,float,eigen,0.625,0.5886053517632465,0.55,COMPLETE,0.625,0.5886053517632465,0.55
106,0.5892853517632465,2026-05-19 10:51:49.449357,2026-05-19 10:51:49.498856,0 days 00:00:00.049499,2.4322250141609457e-05,float,eigen,0.625,0.5886053517632465,0.55,COMPLETE,0.625,0.5886053517632465,0.55
64,0.5892853517632465,2026-05-19 10:51:47.383130,2026-05-19 10:51:47.433969,0 days 00:00:00.050839,1.06020957581564e-05,float,eigen,0.625,0.5886053517632465,0.55,COMPLETE,0.625,0.5886053517632465,0.55
70,0.5892853517632465,2026-05-19 10:51:47.677851,2026-05-19 10:51:47.727961,0 days 00:00:00.050110,1.1370384340742471e-05,float,eigen,0.625,0.5886053517632465,0.55,COMPLETE,0.625,0.5886053517632465,0.55
79,0.5892853517632465,2026-05-19 10:51:48.150521,2026-05-19 10:51:48.198252,0 days 00:00:00.047731,1.0026996344243354e-05,float,eigen,0.625,0.5886053517632465,0.55,COMPLETE,0.625,0.5886053517632465,0.55
97,0.5892853517632465,2026-05-19 10:51:49.010089,2026-05-19 10:51:49.062191,0 days 00:00:00.052102,2.5353824691777527e-05,float,eigen,0.625,0.5886053517632465,0.55,COMPLETE,0.625,0.5886053517632465,0.55
67,0.5892853517632465,2026-05-19 10:51:47.531668,2026-05-19 10:51:47.580056,0 days 00:00:00.048388,1.4374871348434373e-05,float,eigen,0.625,0.5886053517632465,0.55,COMPLETE,0.625,0.5886053517632465,0.55
112,0.5892853517632465,2026-05-19 10:51:49.761306,2026-05-19 10:51:49.806969,0 days 00:00:00.045663,2.6197211528305973e-05,float,eigen,0.625,0.5886053517632465,0.55,COMPLETE,0.625,0.5886053517632465,0.55
62,0.5892853517632465,2026-05-19 10:51:47.290510,2026-05-19 10:51:47.335507,0 days 00:00:00.044997,2.5110642496493395e-05,float,eigen,0.625,0.5886053517632465,0.55,COMPLETE,0.625,0.5886053517632465,0.55
58,0.5892853517632465,2026-05-19 10:51:47.094241,2026-05-19 10:51:47.146750,0 days 00:00:00.052509,1.4870412079492164e-05,float,eigen,0.625,0.5886053517632465,0.55,COMPLETE,0.625,0.5886053517632465,0.55
100,0.5892853517632465,2026-05-19 10:51:49.157695,2026-05-19 10:51:49.204283,0 days 00:00:00.046588,1.0020005950000848e-05,float,eigen,0.625,0.5886053517632465,0.55,COMPLETE,0.625,0.5886053517632465,0.55
88,0.5892853517632465,2026-05-19 10:51:48.569194,2026-05-19 10:51:48.618920,0 days 00:00:00.049726,1.0339645581518957e-05,float,eigen,0.625,0.5886053517632465,0.55,COMPLETE,0.625,0.5886053517632465,0.55
246,0.584574581333699,2026-05-19 10:51:57.170143,2026-05-19 10:51:57.222635,0 days 00:00:00.052492,9.263075998341299e-05,float,eigen,0.6319444444444444,0.5838868035559212,0.5583333333333333,COMPLETE,0.6319444444444444,0.5838868035559212,0.5583333333333333
237,0.584574581333699,2026-05-19 10:51:56.708699,2026-05-19 10:51:56.759407,0 days 00:00:00.050708,9.859096315301763e-05,float,eigen,0.6319444444444444,0.5838868035559212,0.5583333333333333,COMPLETE,0.6319444444444444,0.5838868035559212,0.5583333333333333
244,0.584574581333699,2026-05-19 10:51:57.061060,2026-05-19 10:51:57.114004,0 days 00:00:00.052944,0.00011072113156215845,float,eigen,0.6319444444444444,0.5838868035559212,0.5583333333333333,COMPLETE,0.6319444444444444,0.5838868035559212,0.5583333333333333
229,0.584574581333699,2026-05-19 10:51:56.299697,2026-05-19 10:51:56.358367,0 days 00:00:00.058670,9.886290375323793e-05,float,eigen,0.6319444444444444,0.5838868035559212,0.5583333333333333,COMPLETE,0.6319444444444444,0.5838868035559212,0.5583333333333333
139,0.584574581333699,2026-05-19 10:51:51.401932,2026-05-19 10:51:51.467001,0 days 00:00:00.065069,0.00011383620190721737,float,eigen,0.6319444444444444,0.5838868035559212,0.5583333333333333,COMPLETE,0.6319444444444444,0.5838868035559212,0.5583333333333333
163,0.584574581333699,2026-05-19 10:51:52.895215,2026-05-19 10:51:52.946213,0 days 00:00:00.050998,0.00011792346490360411,float,eigen,0.6319444444444444,0.5838868035559212,0.5583333333333333,COMPLETE,0.6319444444444444,0.5838868035559212,0.5583333333333333
144,0.584574581333699,2026-05-19 10:51:51.727226,2026-05-19 10:51:51.795336,0 days 00:00:00.068110,0.00010344114971709524,float,eigen,0.6319444444444444,0.5838868035559212,0.5583333333333333,COMPLETE,0.6319444444444444,0.5838868035559212,0.5583333333333333
176,0.584574581333699,2026-05-19 10:51:53.555973,2026-05-19 10:51:53.604681,0 days 00:00:00.048708,0.00011412593082391333,float,eigen,0.6319444444444444,0.5838868035559212,0.5583333333333333,COMPLETE,0.6319444444444444,0.5838868035559212,0.5583333333333333
90,0.584574581333699,2026-05-19 10:51:48.665558,2026-05-19 10:51:48.712789,0 days 00:00:00.047231,0.00010904287107869511,float,eigen,0.6319444444444444,0.5838868035559212,0.5583333333333333,COMPLETE,0.6319444444444444,0.5838868035559212,0.5583333333333333
87,0.584574581333699,2026-05-19 10:51:48.524152,2026-05-19 10:51:48.569194,0 days 00:00:00.045042,0.0001108426880579793,float,eigen,0.6319444444444444,0.5838868035559212,0.5583333333333333,COMPLETE,0.6319444444444444,0.5838868035559212,0.5583333333333333
5,0.584574581333699,2026-05-19 10:51:44.290212,2026-05-19 10:51:44.343352,0 days 00:00:00.053140,9.962513222055098e-05,float,eigen,0.6319444444444444,0.5838868035559212,0.5583333333333333,COMPLETE,0.6319444444444444,0.5838868035559212,0.5583333333333333
115,0.584574581333699,2026-05-19 10:51:49.904767,2026-05-19 10:51:49.953240,0 days 00:00:00.048473,9.123974014410299e-05,float,eigen,0.6319444444444444,0.5838868035559212,0.5583333333333333,COMPLETE,0.6319444444444444,0.5838868035559212,0.5583333333333333
204,0.584574581333699,2026-05-19 10:51:55.014099,2026-05-19 10:51:55.062802,0 days 00:00:00.048703,0.00010888897781859407,float,eigen,0.6319444444444444,0.5838868035559212,0.5583333333333333,COMPLETE,0.6319444444444444,0.5838868035559212,0.5583333333333333
197,0.584574581333699,2026-05-19 10:51:54.669938,2026-05-19 10:51:54.718388,0 days 00:00:00.048450,9.956588985785563e-05,float,eigen,0.6319444444444444,0.5838868035559212,0.5583333333333333,COMPLETE,0.6319444444444444,0.5838868035559212,0.5583333333333333
168,0.584574581333699,2026-05-19 10:51:53.154862,2026-05-19 10:51:53.203031,0 days 00:00:00.048169,0.00011847497115934116,float,eigen,0.6319444444444444,0.5838868035559212,0.5583333333333333,COMPLETE,0.6319444444444444,0.5838868035559212,0.5583333333333333
215,0.584574581333699,2026-05-19 10:51:55.565227,2026-05-19 10:51:55.610925,0 days 00:00:00.045698,9.83899096622191e-05,float,eigen,0.6319444444444444,0.5838868035559212,0.5583333333333333,COMPLETE,0.6319444444444444,0.5838868035559212,0.5583333333333333
158,0.584574581333699,2026-05-19 10:51:52.567634,2026-05-19 10:51:52.642032,0 days 00:00:00.074398,0.00010738387600490142,float,eigen,0.6319444444444444,0.5838868035559212,0.5583333333333333,COMPLETE,0.6319444444444444,0.5838868035559212,0.5583333333333333
26,0.5819003727644904,2026-05-19 10:51:45.449086,2026-05-19 10:51:45.497621,0 days 00:00:00.048535,0.000389060709870563,float,lsqr,0.625,0.5812203727644903,0.55,COMPLETE,0.625,0.5812203727644903,0.55
60,0.5819003727644904,2026-05-19 10:51:47.194315,2026-05-19 10:51:47.245125,0 days 00:00:00.050810,0.00044063116803613284,float,eigen,0.625,0.5812203727644903,0.55,COMPLETE,0.625,0.5812203727644903,0.55
95,0.5780011469902646,2026-05-19 10:51:48.896434,2026-05-19 10:51:48.948403,0 days 00:00:00.051969,0.00017146431655376714,float,eigen,0.625,0.5773211469902646,0.55,COMPLETE,0.625,0.5773211469902646,0.55
107,0.5780011469902646,2026-05-19 10:51:49.499829,2026-05-19 10:51:49.545739,0 days 00:00:00.045910,0.00013588875045735077,float,eigen,0.625,0.5773211469902646,0.55,COMPLETE,0.625,0.5773211469902646,0.55
119,0.5780011469902646,2026-05-19 10:51:50.104079,2026-05-19 10:51:50.150768,0 days 00:00:00.046689,0.00016390092198988082,float,lsqr,0.625,0.5773211469902646,0.55,COMPLETE,0.625,0.5773211469902646,0.55
110,0.5780011469902646,2026-05-19 10:51:49.661582,2026-05-19 10:51:49.713972,0 days 00:00:00.052390,0.00015268070571126827,float,eigen,0.625,0.5773211469902646,0.55,COMPLETE,0.625,0.5773211469902646,0.55
85,0.5780011469902646,2026-05-19 10:51:48.429444,2026-05-19 10:51:48.476988,0 days 00:00:00.047544,0.00019641583960999096,float,eigen,0.625,0.5773211469902646,0.55,COMPLETE,0.625,0.5773211469902646,0.55
195,0.5780011469902646,2026-05-19 10:51:54.569290,2026-05-19 10:51:54.618694,0 days 00:00:00.049404,0.00018682647192080855,float,eigen,0.625,0.5773211469902646,0.55,COMPLETE,0.625,0.5773211469902646,0.55
217,0.5780011469902646,2026-05-19 10:51:55.663940,2026-05-19 10:51:55.713143,0 days 00:00:00.049203,0.00014197523918000436,float,eigen,0.625,0.5773211469902646,0.55,COMPLETE,0.625,0.5773211469902646,0.55
149,0.5780011469902646,2026-05-19 10:51:52.039210,2026-05-19 10:51:52.108197,0 days 00:00:00.068987,0.0001790301284009645,float,eigen,0.625,0.5773211469902646,0.55,COMPLETE,0.625,0.5773211469902646,0.55
137,0.5780011469902646,2026-05-19 10:51:51.258025,2026-05-19 10:51:51.342281,0 days 00:00:00.084256,0.00013808141475719042,float,eigen,0.625,0.5773211469902646,0.55,COMPLETE,0.625,0.5773211469902646,0.55
155,0.5780011469902646,2026-05-19 10:51:52.394271,2026-05-19 10:51:52.456459,0 days 00:00:00.062188,0.0001697623518042881,float,eigen,0.625,0.5773211469902646,0.55,COMPLETE,0.625,0.5773211469902646,0.55
9,0.5780011469902646,2026-05-19 10:51:44.531208,2026-05-19 10:51:44.580402,0 days 00:00:00.049194,0.00019674328025306103,float,eigen,0.625,0.5773211469902646,0.55,COMPLETE,0.625,0.5773211469902646,0.55
56,0.5780011469902646,2026-05-19 10:51:46.997863,2026-05-19 10:51:47.046854,0 days 00:00:00.048991,0.0001522597329302443,float,lsqr,0.625,0.5773211469902646,0.55,COMPLETE,0.625,0.5773211469902646,0.55
22,0.5780011469902646,2026-05-19 10:51:45.229273,2026-05-19 10:51:45.269945,0 days 00:00:00.040672,0.00017638479543546866,float,lsqr,0.625,0.5773211469902646,0.55,COMPLETE,0.625,0.5773211469902646,0.55
99,0.5780011469902646,2026-05-19 10:51:49.109779,2026-05-19 10:51:49.157695,0 days 00:00:00.047916,0.000147461571594949,float,lsqr,0.625,0.5773211469902646,0.55,COMPLETE,0.625,0.5773211469902646,0.55
146,0.5780011469902646,2026-05-19 10:51:51.863088,2026-05-19 10:51:51.919026,0 days 00:00:00.055938,0.0001372126555504828,float,lsqr,0.625,0.5773211469902646,0.55,COMPLETE,0.625,0.5773211469902646,0.55
173,0.5780011469902646,2026-05-19 10:51:53.403960,2026-05-19 10:51:53.454141,0 days 00:00:00.050181,0.00012956647887071537,float,eigen,0.625,0.5773211469902646,0.55,COMPLETE,0.625,0.5773211469902646,0.55
184,0.5780011469902646,2026-05-19 10:51:53.954017,2026-05-19 10:51:54.004207,0 days 00:00:00.050190,0.00013529989196744323,float,eigen,0.625,0.5773211469902646,0.55,COMPLETE,0.625,0.5773211469902646,0.55
125,0.5780011469902646,2026-05-19 10:51:50.399907,2026-05-19 10:51:50.447046,0 days 00:00:00.047139,0.00015883027688191526,float,eigen,0.625,0.5773211469902646,0.55,COMPLETE,0.625,0.5773211469902646,0.55
13,0.5754823385764563,2026-05-19 10:51:44.746248,2026-05-19 10:51:44.790158,0 days 00:00:00.043910,0.0006078083099681951,float,eigen,0.6180555555555556,0.574810116354234,0.5416666666666667,COMPLETE,0.6180555555555556,0.574810116354234,0.5416666666666667
130,0.5754823385764563,2026-05-19 10:51:50.642772,2026-05-19 10:51:50.728897,0 days 00:00:00.086125,0.0005052611684821965,float,eigen,0.6180555555555556,0.574810116354234,0.5416666666666667,COMPLETE,0.6180555555555556,0.574810116354234,0.5416666666666667
75,0.5726587732528909,2026-05-19 10:51:47.958427,2026-05-19 10:51:48.005298,0 days 00:00:00.046871,0.0002691960294444536,float,eigen,0.6180555555555556,0.5719865510306686,0.5416666666666666,COMPLETE,0.6180555555555556,0.5719865510306686,0.5416666666666666
235,0.5726587732528909,2026-05-19 10:51:56.612504,2026-05-19 10:51:56.662049,0 days 00:00:00.049545,0.00024810095265400637,float,eigen,0.6180555555555556,0.5719865510306686,0.5416666666666666,COMPLETE,0.6180555555555556,0.5719865510306686,0.5416666666666666
69,0.5726587732528909,2026-05-19 10:51:47.629071,2026-05-19 10:51:47.677851,0 days 00:00:00.048780,0.0003109504001626803,float,eigen,0.6180555555555556,0.5719865510306686,0.5416666666666666,COMPLETE,0.6180555555555556,0.5719865510306686,0.5416666666666666
78,0.5726587732528909,2026-05-19 10:51:48.103191,2026-05-19 10:51:48.150521,0 days 00:00:00.047330,0.0002840581944259678,float,eigen,0.6180555555555556,0.5719865510306686,0.5416666666666666,COMPLETE,0.6180555555555556,0.5719865510306686,0.5416666666666666
186,0.5726587732528909,2026-05-19 10:51:54.092844,2026-05-19 10:51:54.144391,0 days 00:00:00.051547,0.00030820620422041765,float,eigen,0.6180555555555556,0.5719865510306686,0.5416666666666666,COMPLETE,0.6180555555555556,0.5719865510306686,0.5416666666666666
105,0.5709226621417798,2026-05-19 10:51:49.397957,2026-05-19 10:51:49.449357,0 days 00:00:00.051400,0.0002234884219288399,float,eigen,0.6180555555555556,0.5702504399195575,0.5416666666666667,COMPLETE,0.6180555555555556,0.5702504399195575,0.5416666666666667
224,0.5709226621417798,2026-05-19 10:51:56.007661,2026-05-19 10:51:56.054894,0 days 00:00:00.047233,0.00021356464037948478,float,eigen,0.6180555555555556,0.5702504399195575,0.5416666666666667,COMPLETE,0.6180555555555556,0.5702504399195575,0.5416666666666667
208,0.5709226621417798,2026-05-19 10:51:55.216275,2026-05-19 10:51:55.265388,0 days 00:00:00.049113,0.00020795764937848652,float,eigen,0.6180555555555556,0.5702504399195575,0.5416666666666667,COMPLETE,0.6180555555555556,0.5702504399195575,0.5416666666666667
166,0.5703683516483515,2026-05-19 10:51:53.047463,2026-05-19 10:51:53.099702,0 days 00:00:00.052239,0.0008740324709243362,float,eigen,0.6111111111111112,0.5697039072039071,0.5333333333333333,COMPLETE,0.6111111111111112,0.5697039072039071,0.5333333333333333
20,0.5520672009689658,2026-05-19 10:51:45.134179,2026-05-19 10:51:45.181409,0 days 00:00:00.047230,0.0029442723591496774,float,eigen,0.5972222222222222,0.5514183120800769,0.5166666666666666,COMPLETE,0.5972222222222222,0.5514183120800769,0.5166666666666666
3,0.5513480974798621,2026-05-19 10:51:44.170981,2026-05-19 10:51:44.225051,0 days 00:00:00.054070,0.00420515645091387,float,lsqr,0.5902777777777778,0.550706986368751,0.5083333333333333,COMPLETE,0.5902777777777778,0.550706986368751,0.5083333333333333
89,0.548431338313103,2026-05-19 10:51:48.619920,2026-05-19 10:51:48.665558,0 days 00:00:00.045638,0.0020224778727829695,float,eigen,0.5902777777777777,0.5477902272019919,0.5083333333333333,COMPLETE,0.5902777777777777,0.5477902272019919,0.5083333333333333
249,0.5404937588555235,2026-05-19 10:51:57.327290,2026-05-19 10:51:57.377395,0 days 00:00:00.050105,0.003890883048416734,float,eigen,0.5833333333333333,0.5398604255221902,0.5,COMPLETE,0.5833333333333333,0.5398604255221902,0.5
27,0.5226278817478817,2026-05-19 10:51:45.498650,2026-05-19 10:51:45.545597,0 days 00:00:00.046947,0.2012115544906384,float,eigen,0.5555555555555556,0.5220256595256595,0.4666666666666667,COMPLETE,0.5555555555555556,0.5220256595256595,0.4666666666666667
1,0.5208194202094203,2026-05-19 10:51:44.067428,2026-05-19 10:51:44.111555,0 days 00:00:00.044127,0.010129197956845729,float,lsqr,0.5625,0.5202094202094203,0.475,COMPLETE,0.5625,0.5202094202094203,0.475
175,0.5189734343434343,2026-05-19 10:51:53.504159,2026-05-19 10:51:53.554973,0 days 00:00:00.050814,0.08987784652875075,float,lsqr,0.5555555555555556,0.5183712121212122,0.4666666666666666,COMPLETE,0.5555555555555556,0.5183712121212122,0.4666666666666666
33,0.5125579195658143,2026-05-19 10:51:45.831674,2026-05-19 10:51:45.887007,0 days 00:00:00.055333,,auto,eigen,0.5486111111111112,0.5119634751213699,0.45833333333333326,COMPLETE,0.5486111111111112,0.5119634751213699,0.45833333333333326
36,0.5125579195658143,2026-05-19 10:51:45.976607,2026-05-19 10:51:46.048561,0 days 00:00:00.071954,,auto,lsqr,0.5486111111111112,0.5119634751213699,0.45833333333333326,COMPLETE,0.5486111111111112,0.5119634751213699,0.45833333333333326
25,0.5125579195658143,2026-05-19 10:51:45.385403,2026-05-19 10:51:45.449086,0 days 00:00:00.063683,,auto,eigen,0.5486111111111112,0.5119634751213699,0.45833333333333326,COMPLETE,0.5486111111111112,0.5119634751213699,0.45833333333333326
23,0.5125579195658143,2026-05-19 10:51:45.270467,2026-05-19 10:51:45.327077,0 days 00:00:00.056610,,auto,eigen,0.5486111111111112,0.5119634751213699,0.45833333333333326,COMPLETE,0.5486111111111112,0.5119634751213699,0.45833333333333326
38,0.5125579195658143,2026-05-19 10:51:46.109201,2026-05-19 10:51:46.168428,0 days 00:00:00.059227,,auto,lsqr,0.5486111111111112,0.5119634751213699,0.45833333333333326,COMPLETE,0.5486111111111112,0.5119634751213699,0.45833333333333326
8,0.5125579195658143,2026-05-19 10:51:44.457462,2026-05-19 10:51:44.530211,0 days 00:00:00.072749,,auto,lsqr,0.5486111111111112,0.5119634751213699,0.45833333333333326,COMPLETE,0.5486111111111112,0.5119634751213699,0.45833333333333326
109,0.5125579195658143,2026-05-19 10:51:49.595209,2026-05-19 10:51:49.661582,0 days 00:00:00.066373,,auto,eigen,0.5486111111111112,0.5119634751213699,0.45833333333333326,COMPLETE,0.5486111111111112,0.5119634751213699,0.45833333333333326
96,0.5125579195658143,2026-05-19 10:51:48.949403,2026-05-19 10:51:49.010089,0 days 00:00:00.060686,,auto,eigen,0.5486111111111112,0.5119634751213699,0.45833333333333326,COMPLETE,0.5486111111111112,0.5119634751213699,0.45833333333333326
24,0.5125579195658143,2026-05-19 10:51:45.327077,2026-05-19 10:51:45.385403,0 days 00:00:00.058326,,auto,lsqr,0.5486111111111112,0.5119634751213699,0.45833333333333326,COMPLETE,0.5486111111111112,0.5119634751213699,0.45833333333333326
4,0.5125579195658143,2026-05-19 10:51:44.226052,2026-05-19 10:51:44.290212,0 days 00:00:00.064160,,auto,lsqr,0.5486111111111112,0.5119634751213699,0.45833333333333326,COMPLETE,0.5486111111111112,0.5119634751213699,0.45833333333333326
2,0.5125579195658143,2026-05-19 10:51:44.111555,2026-05-19 10:51:44.169982,0 days 00:00:00.058427,,auto,lsqr,0.5486111111111112,0.5119634751213699,0.45833333333333326,COMPLETE,0.5486111111111112,0.5119634751213699,0.45833333333333326
7,0.5125579195658143,2026-05-19 10:51:44.392206,2026-05-19 10:51:44.457462,0 days 00:00:00.065256,,auto,eigen,0.5486111111111112,0.5119634751213699,0.45833333333333326,COMPLETE,0.5486111111111112,0.5119634751213699,0.45833333333333326
0,0.5125579195658143,2026-05-19 10:51:43.998204,2026-05-19 10:51:44.067428,0 days 00:00:00.069224,,auto,eigen,0.5486111111111112,0.5119634751213699,0.45833333333333326,COMPLETE,0.5486111111111112,0.5119634751213699,0.45833333333333326
19,0.5125579195658143,2026-05-19 10:51:45.066892,2026-05-19 10:51:45.134179,0 days 00:00:00.067287,,auto,eigen,0.5486111111111112,0.5119634751213699,0.45833333333333326,COMPLETE,0.5486111111111112,0.5119634751213699,0.45833333333333326
29,0.5125579195658143,2026-05-19 10:51:45.604501,2026-05-19 10:51:45.668840,0 days 00:00:00.064339,,auto,eigen,0.5486111111111112,0.5119634751213699,0.45833333333333326,COMPLETE,0.5486111111111112,0.5119634751213699,0.45833333333333326
31,0.5125579195658143,2026-05-19 10:51:45.715281,2026-05-19 10:51:45.771519,0 days 00:00:00.056238,,auto,eigen,0.5486111111111112,0.5119634751213699,0.45833333333333326,COMPLETE,0.5486111111111112,0.5119634751213699,0.45833333333333326
28,0.5125579195658143,2026-05-19 10:51:45.545597,2026-05-19 10:51:45.604501,0 days 00:00:00.058904,,auto,eigen,0.5486111111111112,0.5119634751213699,0.45833333333333326,COMPLETE,0.5486111111111112,0.5119634751213699,0.45833333333333326
39,0.5125579195658143,2026-05-19 10:51:46.168428,2026-05-19 10:51:46.224568,0 days 00:00:00.056140,,auto,lsqr,0.5486111111111112,0.5119634751213699,0.45833333333333326,COMPLETE,0.5486111111111112,0.5119634751213699,0.45833333333333326
32,0.5125579195658143,2026-05-19 10:51:45.771519,2026-05-19 10:51:45.830674,0 days 00:00:00.059155,,auto,eigen,0.5486111111111112,0.5119634751213699,0.45833333333333326,COMPLETE,0.5486111111111112,0.5119634751213699,0.45833333333333326
136,0.5125579195658143,2026-05-19 10:51:51.112834,2026-05-19 10:51:51.258025,0 days 00:00:00.145191,,auto,eigen,0.5486111111111112,0.5119634751213699,0.45833333333333326,COMPLETE,0.5486111111111112,0.5119634751213699,0.45833333333333326
159,0.5125579195658143,2026-05-19 10:51:52.643031,2026-05-19 10:51:52.736889,0 days 00:00:00.093858,,auto,eigen,0.5486111111111112,0.5119634751213699,0.45833333333333326,COMPLETE,0.5486111111111112,0.5119634751213699,0.45833333333333326
228,0.5125579195658143,2026-05-19 10:51:56.238036,2026-05-19 10:51:56.299697,0 days 00:00:00.061661,,auto,eigen,0.5486111111111112,0.5119634751213699,0.45833333333333326,COMPLETE,0.5486111111111112,0.5119634751213699,0.45833333333333326
11,0.5125579195658143,2026-05-19 10:51:44.629027,2026-05-19 10:51:44.691033,0 days 00:00:00.062006,,auto,lsqr,0.5486111111111112,0.5119634751213699,0.45833333333333326,COMPLETE,0.5486111111111112,0.5119634751213699,0.45833333333333326
15,0.5125579195658143,2026-05-19 10:51:44.842357,2026-05-19 10:51:44.901425,0 days 00:00:00.059068,,auto,lsqr,0.5486111111111112,0.5119634751213699,0.45833333333333326,COMPLETE,0.5486111111111112,0.5119634751213699,0.45833333333333326
17,0.5125579195658143,2026-05-19 10:51:44.948596,2026-05-19 10:51:45.015149,0 days 00:00:00.066553,,auto,lsqr,0.5486111111111112,0.5119634751213699,0.45833333333333326,COMPLETE,0.5486111111111112,0.5119634751213699,0.45833333333333326
248,0.5125579195658143,2026-05-19 10:51:57.269741,2026-05-19 10:51:57.327290,0 days 00:00:00.057549,,auto,lsqr,0.5486111111111112,0.5119634751213699,0.45833333333333326,COMPLETE,0.5486111111111112,0.5119634751213699,0.45833333333333326
190,0.5125579195658143,2026-05-19 10:51:54.295625,2026-05-19 10:51:54.356510,0 days 00:00:00.060885,,auto,eigen,0.5486111111111112,0.5119634751213699,0.45833333333333326,COMPLETE,0.5486111111111112,0.5119634751213699,0.45833333333333326
34,0.5114708878702996,2026-05-19 10:51:45.887007,2026-05-19 10:51:45.931209,0 days 00:00:00.044202,0.06428328717564118,float,eigen,0.5555555555555556,0.5108686656480774,0.4666666666666666,COMPLETE,0.5555555555555556,0.5108686656480774,0.4666666666666666
18,0.5105329369323487,2026-05-19 10:51:45.015149,2026-05-19 10:51:45.066892,0 days 00:00:00.051743,0.044466289554754464,float,lsqr,0.5555555555555556,0.5099307147101265,0.4666666666666666,COMPLETE,0.5555555555555556,0.5099307147101265,0.4666666666666666
35,0.5103568194768194,2026-05-19 10:51:45.931209,2026-05-19 10:51:45.976607,0 days 00:00:00.045398,0.014711215379121966,float,eigen,0.5555555555555556,0.5097545972545973,0.4666666666666667,COMPLETE,0.5555555555555556,0.5097545972545973,0.4666666666666667
128,0.5103568194768194,2026-05-19 10:51:50.544782,2026-05-19 10:51:50.590483,0 days 00:00:00.045701,0.013352581228508508,float,eigen,0.5555555555555556,0.5097545972545973,0.4666666666666667,COMPLETE,0.5555555555555556,0.5097545972545973,0.4666666666666667
116,0.48613491331280806,2026-05-19 10:51:49.953240,2026-05-19 10:51:50.001396,0 days 00:00:00.048156,0.6215534954000941,float,eigen,0.5208333333333334,0.4855715799794747,0.42499999999999993,COMPLETE,0.5208333333333334,0.4855715799794747,0.42499999999999993
30,0.4792557905057905,2026-05-19 10:51:45.668840,2026-05-19 10:51:45.715281,0 days 00:00:00.046441,0.6489877132084348,float,eigen,0.5138888888888888,0.47870023495023495,0.41666666666666663,COMPLETE,0.5138888888888888,0.47870023495023495,0.41666666666666663
