subset_family,subset_name,subset_label,dates,shift,genotype,n_samples,irrigated_count,non_irrigated_count,best_components,rmsecv,auc,rank,wavelength,direction_label,vip,coefficient,optimal_score,pearson_r,pearson_p_value,welch_p_value,pearson_p_lt_0_005,welch_p_lt_0_005
data,2017-02-23,Data 23/02/2017,2017-02-23,,,384,192,192,15,0.2696749513,0.9846462674,1,392,nao_irrigado,1.7573944722,-0.0246762831,8.8002722638,-0.3349980813,1.5959843413e-11,1.6404022218e-11,1,1
data,2017-02-23,Data 23/02/2017,2017-02-23,,,384,192,192,15,0.2696749513,0.9846462674,2,393,nao_irrigado,1.9133360981,-0.0150982239,7.4792067987,-0.3409671803,6.5737458868e-12,6.6462167423e-12,1,1
data,2017-02-23,Data 23/02/2017,2017-02-23,,,384,192,192,15,0.2696749513,0.9846462674,3,896,nao_irrigado,1.2914381777,-0.0302515312,7.4728555882,-0.1556832649,2.2171716149e-03,2.2201274218e-03,1,1
data,2017-02-23,Data 23/02/2017,2017-02-23,,,384,192,192,15,0.2696749513,0.9846462674,4,391,nao_irrigado,1.5160300116,-0.0220658180,6.8540876584,-0.3176828260,1.8807969305e-10,1.9667166213e-10,1,1
data,2017-02-23,Data 23/02/2017,2017-02-23,,,384,192,192,15,0.2696749513,0.9846462674,5,1665,irrigado,1.5400014820,0.0205107684,6.6320818500,0.4245261870,3.1164136981e-18,3.6391641089e-18,1,1
data,2017-02-23,Data 23/02/2017,2017-02-23,,,384,192,192,15,0.2696749513,0.9846462674,6,1664,irrigado,1.5347925838,0.0201248778,6.5146465882,0.4415065175,9.4529241176e-20,1.1893324388e-19,1,1
data,2017-02-23,Data 23/02/2017,2017-02-23,,,384,192,192,15,0.2696749513,0.9846462674,7,933,nao_irrigado,1.3104224649,-0.0253821280,6.4643313743,-0.3289787160,3.8296942348e-11,3.8524872071e-11,1,1
data,2017-02-23,Data 23/02/2017,2017-02-23,,,384,192,192,15,0.2696749513,0.9846462674,8,383,nao_irrigado,1.5062102511,-0.0191804689,6.1387652962,-0.2776180368,3.1741299120e-08,3.1743478544e-08,1,1
data,2017-02-23,Data 23/02/2017,2017-02-23,,,384,192,192,15,0.2696749513,0.9846462674,9,378,irrigado,1.2372414574,0.0251331891,5.9984421413,-0.2228837581,1.0386991622e-05,1.0386992285e-05,1,1
data,2017-02-23,Data 23/02/2017,2017-02-23,,,384,192,192,15,0.2696749513,0.9846462674,10,421,nao_irrigado,1.3944567666,-0.0209750029,5.9250966279,-0.2080532991,3.9780368725e-05,3.9835144949e-05,1,1
data,2017-02-23,Data 23/02/2017,2017-02-23,,,384,192,192,15,0.2696749513,0.9846462674,11,2201,irrigado,1.2560117987,0.0227467351,5.5570668642,0.2741747046,4.7567858033e-08,4.7572176129e-08,1,1
data,2017-02-23,Data 23/02/2017,2017-02-23,,,384,192,192,15,0.2696749513,0.9846462674,12,396,nao_irrigado,1.7715601045,-0.0100855314,5.5396170588,-0.2573106805,3.1854440598e-07,3.1958156139e-07,1,1
data,2017-02-23,Data 23/02/2017,2017-02-23,,,384,192,192,15,0.2696749513,0.9846462674,13,932,nao_irrigado,1.2823298568,-0.0218933682,5.5087873068,-0.3025081315,1.4399421807e-09,1.4462494441e-09,1,1
data,2017-02-23,Data 23/02/2017,2017-02-23,,,384,192,192,15,0.2696749513,0.9846462674,14,2200,irrigado,1.2451616757,0.0222572651,5.3844013889,0.2753138547,4.1635036987e-08,4.1635443540e-08,1,1
data,2017-02-23,Data 23/02/2017,2017-02-23,,,384,192,192,15,0.2696749513,0.9846462674,15,934,nao_irrigado,1.2344807881,-0.0223187775,5.3388008121,-0.3362399754,1.3291189604e-11,1.3424392847e-11,1,1
data,2017-02-23,Data 23/02/2017,2017-02-23,,,384,192,192,15,0.2696749513,0.9846462674,16,410,nao_irrigado,1.3659126504,-0.0190338524,5.3212757926,-0.2072263031,4.2756712240e-05,4.2759889550e-05,1,1
data,2017-02-23,Data 23/02/2017,2017-02-23,,,384,192,192,15,0.2696749513,0.9846462674,17,394,nao_irrigado,1.9748819818,-0.0040731978,5.2994850186,-0.3192475578,1.5146270039e-10,1.5355050410e-10,1,1
data,2017-02-23,Data 23/02/2017,2017-02-23,,,384,192,192,15,0.2696749513,0.9846462674,18,2202,irrigado,1.2502750492,0.0210467561,5.1358887439,0.2709057573,6.9481562303e-08,6.9505512415e-08,1,1
data,2017-02-23,Data 23/02/2017,2017-02-23,,,384,192,192,15,0.2696749513,0.9846462674,19,420,nao_irrigado,1.3844858370,-0.0175947743,5.0956522246,-0.2166567952,1.8462017970e-05,1.8503382107e-05,1,1
data,2017-02-23,Data 23/02/2017,2017-02-23,,,384,192,192,15,0.2696749513,0.9846462674,20,1666,irrigado,1.4866209803,0.0149631971,5.0639790178,0.3978360402,5.1612997052e-16,5.8250290945e-16,1,1
data,2017-02-24,Data 24/02/2017,2017-02-24,,,384,192,192,13,0.1689910876,0.9999457465,1,2278,nao_irrigado,1.5491256687,-0.0151074285,7.9053406059,-0.6631703157,5.2706363456e-50,6.0085838415e-50,1,1
data,2017-02-24,Data 24/02/2017,2017-02-24,,,384,192,192,13,0.1689910876,0.9999457465,2,2279,nao_irrigado,1.5514889144,-0.0149486049,7.8569608858,-0.6846976094,1.9790408856e-54,3.1813535114e-54,1,1
data,2017-02-24,Data 24/02/2017,2017-02-24,,,384,192,192,13,0.1689910876,0.9999457465,3,2281,nao_irrigado,1.5275696472,-0.0148986157,7.7022036628,-0.7191746338,2.2397478124e-62,3.1801989963e-61,1,1
data,2017-02-24,Data 24/02/2017,2017-02-24,,,384,192,192,13,0.1689910876,0.9999457465,4,2237,irrigado,1.6009368328,0.0138047049,7.6919683090,0.1615881129,1.4878245495e-03,1.4888722318e-03,1,1
data,2017-02-24,Data 24/02/2017,2017-02-24,,,384,192,192,13,0.1689910876,0.9999457465,5,2280,nao_irrigado,1.5432108820,-0.0146309850,7.6866398505,-0.7048646590,6.1405234490e-59,2.1206532914e-58,1,1
data,2017-02-24,Data 24/02/2017,2017-02-24,,,384,192,192,13,0.1689910876,0.9999457465,6,1813,nao_irrigado,1.5094125697,-0.0138055099,7.1744885700,0.3415646209,6.0089735823e-12,6.0975296671e-12,1,1
data,2017-02-24,Data 24/02/2017,2017-02-24,,,384,192,192,13,0.1689910876,0.9999457465,7,2277,nao_irrigado,1.5116761096,-0.0136937203,7.1438313233,-0.6387975699,2.0339796372e-45,2.0892091608e-45,1,1
data,2017-02-24,Data 24/02/2017,2017-02-24,,,384,192,192,13,0.1689910876,0.9999457465,8,2282,nao_irrigado,1.4604265807,-0.0141029177,7.0129836929,-0.7174130713,6.0942463704e-62,3.4914370021e-60,1,1
data,2017-02-24,Data 24/02/2017,2017-02-24,,,384,192,192,13,0.1689910876,0.9999457465,9,1812,nao_irrigado,1.4755880929,-0.0138454662,6.9986634924,0.3547581306,7.8661862583e-13,7.9628889505e-13,1,1
data,2017-02-24,Data 24/02/2017,2017-02-24,,,384,192,192,13,0.1689910876,0.9999457465,10,1814,nao_irrigado,1.5010369986,-0.0129425689,6.7915983252,0.3255592456,6.2435224218e-11,6.3177126225e-11,1,1
data,2017-02-24,Data 24/02/2017,2017-02-24,,,384,192,192,13,0.1689910876,0.9999457465,11,2236,irrigado,1.5934586715,0.0110022367,6.5600792968,0.2154185130,2.0658480623e-05,2.0702929819e-05,1,1
data,2017-02-24,Data 24/02/2017,2017-02-24,,,384,192,192,13,0.1689910876,0.9999457465,12,391,nao_irrigado,1.2781045197,-0.0153911157,6.4823513747,-0.5913321351,1.3957140826e-37,6.7537483310e-36,1,1
data,2017-02-24,Data 24/02/2017,2017-02-24,,,384,192,192,13,0.1689910876,0.9999457465,13,390,nao_irrigado,1.2525532420,-0.0142139220,5.8801112499,-0.5794296332,8.1687092031e-36,4.1594216982e-34,1,1
data,2017-02-24,Data 24/02/2017,2017-02-24,,,384,192,192,13,0.1689910876,0.9999457465,14,2276,nao_irrigado,1.4499802739,-0.0111074956,5.7892833162,-0.6128456956,5.7214043032e-41,5.7291281024e-41,1,1
data,2017-02-24,Data 24/02/2017,2017-02-24,,,384,192,192,13,0.1689910876,0.9999457465,15,1815,nao_irrigado,1.4414620078,-0.0108123172,5.6263282859,0.3079160769,7.0643459710e-10,7.1207018729e-10,1,1
data,2017-02-24,Data 24/02/2017,2017-02-24,,,384,192,192,13,0.1689910876,0.9999457465,16,1811,nao_irrigado,1.3849707082,-0.0113921090,5.5321516988,0.3633526412,1.9861766261e-13,1.9955746391e-13,1,1
data,2017-02-24,Data 24/02/2017,2017-02-24,,,384,192,192,13,0.1689910876,0.9999457465,17,2283,nao_irrigado,1.3190646701,-0.0123254146,5.5221557457,-0.6717112950,1.0250972962e-51,1.0665564758e-50,1,1
data,2017-02-24,Data 24/02/2017,2017-02-24,,,384,192,192,13,0.1689910876,0.9999457465,18,2235,irrigado,1.5710984938,0.0081007910,5.3055143477,0.2641122139,1.5029516982e-07,1.5121855674e-07,1,1
data,2017-02-24,Data 24/02/2017,2017-02-24,,,384,192,192,13,0.1689910876,0.9999457465,19,2275,nao_irrigado,1.4068288037,-0.0093682524,4.8689499296,-0.5894107835,2.7230298631e-37,2.7408053895e-37,1,1
data,2017-02-24,Data 24/02/2017,2017-02-24,,,384,192,192,13,0.1689910876,0.9999457465,20,990,nao_irrigado,1.1875305365,-0.0124404307,4.8227272492,0.2336238480,3.7039475276e-06,3.7508254897e-06,1,1
data,2017-03-02,Data 02/03/2017,2017-03-02,,,388,196,192,10,0.2013574401,0.9980601616,1,2295,irrigado,1.5794999833,0.0097952919,8.0173336966,0.3034799369,1.0402901931e-09,1.0697962659e-09,1,1
data,2017-03-02,Data 02/03/2017,2017-03-02,,,388,196,192,10,0.2013574401,0.9980601616,2,2304,nao_irrigado,1.5036700708,-0.0101514543,7.8172991360,-0.5469268711,1.1912493968e-31,2.6645480033e-31,1,1
data,2017-03-02,Data 02/03/2017,2017-03-02,,,388,196,192,10,0.2013574401,0.9980601616,3,2305,nao_irrigado,1.5416260815,-0.0089952617,7.3342361668,-0.5666796533,2.4435682926e-34,5.3103425751e-34,1,1
data,2017-03-02,Data 02/03/2017,2017-03-02,,,388,196,192,10,0.2013574401,0.9980601616,4,2294,irrigado,1.5469530485,0.0087807236,7.2352679462,0.3457556714,2.4547249804e-12,2.4047307608e-12,1,1
data,2017-03-02,Data 02/03/2017,2017-03-02,,,388,196,192,10,0.2013574401,0.9980601616,5,2296,irrigado,1.4562244299,0.0086435501,6.6599958813,0.2297849348,4.8086074083e-06,5.0206007114e-06,1,1
data,2017-03-02,Data 02/03/2017,2017-03-02,,,388,196,192,10,0.2013574401,0.9980601616,6,2303,nao_irrigado,1.3305301802,-0.0095557134,6.5203271972,-0.4997771946,6.5766401528e-26,1.4336881304e-25,1,1
data,2017-03-02,Data 02/03/2017,2017-03-02,,,388,196,192,10,0.2013574401,0.9980601616,7,2306,nao_irrigado,1.5123049579,-0.0068747045,5.9101511835,-0.5604379044,1.8067778161e-33,3.4686166344e-33,1,1
data,2017-03-02,Data 02/03/2017,2017-03-02,,,388,196,192,10,0.2013574401,0.9980601616,8,2269,nao_irrigado,1.4009561830,-0.0076074042,5.7414823065,-0.6512745952,3.4005680571e-48,1.4474537582e-46,1,1
data,2017-03-02,Data 02/03/2017,2017-03-02,,,388,196,192,10,0.2013574401,0.9980601616,9,2270,nao_irrigado,1.4040424854,-0.0073864456,5.6264983198,-0.6617472624,3.1540041295e-50,9.2454594640e-49,1,1
data,2017-03-02,Data 02/03/2017,2017-03-02,,,388,196,192,10,0.2013574401,0.9980601616,10,2293,irrigado,1.4733368695,0.0066533319,5.5661889391,0.3678041863,7.1259942034e-14,6.8068170801e-14,1,1
data,2017-03-02,Data 02/03/2017,2017-03-02,,,388,196,192,10,0.2013574401,0.9980601616,11,2268,nao_irrigado,1.3860590921,-0.0073339939,5.4974077350,-0.6417255585,2.0705901563e-46,1.0324254093e-44,1,1
data,2017-03-02,Data 02/03/2017,2017-03-02,,,388,196,192,10,0.2013574401,0.9980601616,12,458,nao_irrigado,1.3953384587,-0.0067655748,5.2088969775,-0.5518271283,2.6656343134e-32,8.5088749696e-32,1,1
data,2017-03-02,Data 02/03/2017,2017-03-02,,,388,196,192,10,0.2013574401,0.9980601616,13,2271,nao_irrigado,1.3856478048,-0.0067886085,5.1699264064,-0.6676469988,2.0761440676e-51,3.2132961300e-50,1,1
data,2017-03-02,Data 02/03/2017,2017-03-02,,,388,196,192,10,0.2013574401,0.9980601616,14,2272,nao_irrigado,1.3827554521,-0.0067643680,5.1397390903,-0.6751486907,5.9575865604e-53,7.0831371554e-52,1,1
data,2017-03-02,Data 02/03/2017,2017-03-02,,,388,196,192,10,0.2013574401,0.9980601616,15,2279,nao_irrigado,1.3802490149,-0.0067010683,5.0883575016,-0.7213947235,1.4356182747e-63,3.4950087738e-63,1,1
data,2017-03-02,Data 02/03/2017,2017-03-02,,,388,196,192,10,0.2013574401,0.9980601616,16,2273,nao_irrigado,1.3826045472,-0.0066512824,5.0714789260,-0.6820520571,2.0653438626e-54,2.0734005343e-53,1,1
data,2017-03-02,Data 02/03/2017,2017-03-02,,,388,196,192,10,0.2013574401,0.9980601616,17,2267,nao_irrigado,1.3503285250,-0.0068150936,4.9936214806,-0.6293228904,3.4782912085e-44,1.0735680726e-42,1,1
data,2017-03-02,Data 02/03/2017,2017-03-02,,,388,196,192,10,0.2013574401,0.9980601616,18,2280,nao_irrigado,1.3411077044,-0.0068756894,4.9796067055,-0.7053598509,1.1821359805e-59,1.6386398308e-59,1,1
data,2017-03-02,Data 02/03/2017,2017-03-02,,,388,196,192,10,0.2013574401,0.9980601616,19,2246,irrigado,1.1804770374,0.0081990598,4.8951470329,-0.2024471032,5.9057425422e-05,5.7776226395e-05,1,1
data,2017-03-02,Data 02/03/2017,2017-03-02,,,388,196,192,10,0.2013574401,0.9980601616,20,2245,irrigado,1.1986056985,0.0079992545,4.8745925172,-0.1824463824,3.0320291829e-04,2.9751735690e-04,1,1
turno,manha,Turno manha,"2017-02-23,2017-02-24,2017-03-02",manha,,580,292,288,13,0.2151344401,0.9942446728,1,392,nao_irrigado,1.5166099334,-0.0154516911,7.0811967484,-0.5299118867,2.6490583382e-43,2.6800045935e-43,1,1
turno,manha,Turno manha,"2017-02-23,2017-02-24,2017-03-02",manha,,580,292,288,13,0.2151344401,0.9942446728,2,395,nao_irrigado,1.3672404292,-0.0156984126,6.3136982747,-0.4855175553,1.2329951012e-35,1.1966268195e-35,1,1
turno,manha,Turno manha,"2017-02-23,2017-02-24,2017-03-02",manha,,580,292,288,13,0.2151344401,0.9942446728,3,391,nao_irrigado,1.3576460322,-0.0153318016,6.1341086821,-0.5414938365,1.6956752816e-45,2.1921224015e-45,1,1
turno,manha,Turno manha,"2017-02-23,2017-02-24,2017-03-02",manha,,580,292,288,13,0.2151344401,0.9942446728,4,406,nao_irrigado,1.2825677769,-0.0165837118,6.1325760447,-0.4366781830,2.1040132352e-28,2.0841757486e-28,1,1
turno,manha,Turno manha,"2017-02-23,2017-02-24,2017-03-02",manha,,580,292,288,13,0.2151344401,0.9942446728,5,390,nao_irrigado,1.2486395555,-0.0164851991,5.9055928280,-0.5271260348,8.6738407459e-43,1.8301943606e-42,1,1
turno,manha,Turno manha,"2017-02-23,2017-02-24,2017-03-02",manha,,580,292,288,13,0.2151344401,0.9942446728,6,1661,irrigado,1.3958018548,0.0133896589,5.6900086236,0.6315190911,7.1178229856e-66,3.1320742702e-64,1,1
turno,manha,Turno manha,"2017-02-23,2017-02-24,2017-03-02",manha,,580,292,288,13,0.2151344401,0.9942446728,7,436,irrigado,1.2187766257,0.0159121114,5.5401134408,-0.5330073498,6.9996423106e-44,1.2857838985e-43,1,1
turno,manha,Turno manha,"2017-02-23,2017-02-24,2017-03-02",manha,,580,292,288,13,0.2151344401,0.9942446728,8,389,nao_irrigado,1.1416797122,-0.0171584246,5.5251657974,-0.4890995016,3.2598250572e-36,5.8666615016e-36,1,1
turno,manha,Turno manha,"2017-02-23,2017-02-24,2017-03-02",manha,,580,292,288,13,0.2151344401,0.9942446728,9,2170,irrigado,1.3172971769,0.0134389833,5.2592604098,0.5965728549,3.3997345397e-57,3.3153149977e-57,1,1
turno,manha,Turno manha,"2017-02-23,2017-02-24,2017-03-02",manha,,580,292,288,13,0.2151344401,0.9942446728,10,375,irrigado,1.0645943058,0.0175747634,5.2275386257,-0.4388378449,1.0650375675e-28,1.3649023113e-28,1,1
turno,manha,Turno manha,"2017-02-23,2017-02-24,2017-03-02",manha,,580,292,288,13,0.2151344401,0.9942446728,11,437,irrigado,1.2539979551,0.0141173347,5.1294867434,-0.5541735190,5.3426893820e-48,1.2917782089e-47,1,1
turno,manha,Turno manha,"2017-02-23,2017-02-24,2017-03-02",manha,,580,292,288,13,0.2151344401,0.9942446728,12,2171,irrigado,1.3101031955,0.0129682192,5.0578739361,0.5945469488,1.0051981196e-56,1.0305295181e-56,1,1
turno,manha,Turno manha,"2017-02-23,2017-02-24,2017-03-02",manha,,580,292,288,13,0.2151344401,0.9942446728,13,1662,irrigado,1.3567819046,0.0118759930,4.9519012204,0.6131861014,3.4743428525e-61,7.4899712034e-60,1,1
turno,manha,Turno manha,"2017-02-23,2017-02-24,2017-03-02",manha,,580,292,288,13,0.2151344401,0.9942446728,14,1641,irrigado,1.2300319431,0.0136504908,4.8338191784,0.6159445596,7.1634068323e-62,8.4584280684e-62,1,1
turno,manha,Turno manha,"2017-02-23,2017-02-24,2017-03-02",manha,,580,292,288,13,0.2151344401,0.9942446728,15,1660,irrigado,1.3557962305,0.0114439065,4.7990841775,0.6384086117,1.0177819868e-67,6.2966387680e-66,1,1
turno,manha,Turno manha,"2017-02-23,2017-02-24,2017-03-02",manha,,580,292,288,13,0.2151344401,0.9942446728,16,458,nao_irrigado,1.3428697655,-0.0115891450,4.7748690389,-0.6514357985,2.4415214085e-71,3.2834223901e-70,1,1
turno,manha,Turno manha,"2017-02-23,2017-02-24,2017-03-02",manha,,580,292,288,13,0.2151344401,0.9942446728,17,2169,irrigado,1.2891180297,0.0122922482,4.7079572387,0.5938665868,1.4441568356e-56,1.3955555131e-56,1,1
turno,manha,Turno manha,"2017-02-23,2017-02-24,2017-03-02",manha,,580,292,288,13,0.2151344401,0.9942446728,18,435,irrigado,1.1270680764,0.0149106064,4.6761073400,-0.4867943276,7.6877887752e-36,9.5377610527e-36,1,1
turno,manha,Turno manha,"2017-02-23,2017-02-24,2017-03-02",manha,,580,292,288,13,0.2151344401,0.9942446728,19,2172,irrigado,1.2981205399,0.0119938327,4.6576197204,0.5898532554,1.2030549655e-55,1.3128483558e-55,1,1
turno,manha,Turno manha,"2017-02-23,2017-02-24,2017-03-02",manha,,580,292,288,13,0.2151344401,0.9942446728,20,1663,irrigado,1.3276086073,0.0109848045,4.4819868232,0.5888765776,2.0062886973e-55,2.0386573974e-54,1,1
turno,tarde,Turno tarde,"2017-02-23,2017-02-24,2017-03-02",tarde,,576,288,288,13,0.2628355726,0.9875699267,1,2281,nao_irrigado,1.8066786719,-0.0140449758,7.8146641989,-0.6270292001,2.9173769403e-64,3.3005710991e-64,1,1
turno,tarde,Turno tarde,"2017-02-23,2017-02-24,2017-03-02",tarde,,576,288,288,13,0.2628355726,0.9875699267,2,2280,nao_irrigado,1.8009092648,-0.0136945470,7.6747904947,-0.6438255550,9.7785191238e-69,9.8114155001e-69,1,1
turno,tarde,Turno tarde,"2017-02-23,2017-02-24,2017-03-02",tarde,,576,288,288,13,0.2628355726,0.9875699267,3,2279,nao_irrigado,1.7774657236,-0.0136356203,7.5250068175,-0.6433797100,1.2962411091e-68,1.3752447673e-68,1,1
turno,tarde,Turno tarde,"2017-02-23,2017-02-24,2017-03-02",tarde,,576,288,288,13,0.2628355726,0.9875699267,4,2282,nao_irrigado,1.7342126332,-0.0135157541,7.2452392539,-0.5751128129,5.0583659819e-52,6.5869235193e-52,1,1
turno,tarde,Turno tarde,"2017-02-23,2017-02-24,2017-03-02",tarde,,576,288,288,13,0.2628355726,0.9875699267,5,2294,irrigado,1.4824707556,0.0173073181,6.9935539664,0.1889247546,4.9825385411e-06,5.1383005859e-06,1,1
turno,tarde,Turno tarde,"2017-02-23,2017-02-24,2017-03-02",tarde,,576,288,288,13,0.2628355726,0.9875699267,6,2278,nao_irrigado,1.7348038358,-0.0124346591,6.9170422662,-0.6368977593,7.4065516646e-67,9.8058114567e-67,1,1
turno,tarde,Turno tarde,"2017-02-23,2017-02-24,2017-03-02",tarde,,576,288,288,13,0.2628355726,0.9875699267,7,2295,irrigado,1.4237039116,0.0173897127,6.6886483152,0.1515198021,2.6257917532e-04,2.6620561571e-04,1,1
turno,tarde,Turno tarde,"2017-02-23,2017-02-24,2017-03-02",tarde,,576,288,288,13,0.2628355726,0.9875699267,8,2275,nao_irrigado,1.5966298867,-0.0137053487,6.5303921274,-0.5986127380,2.7597936511e-57,6.8951911176e-57,1,1
turno,tarde,Turno tarde,"2017-02-23,2017-02-24,2017-03-02",tarde,,576,288,288,13,0.2628355726,0.9875699267,9,2276,nao_irrigado,1.6382260924,-0.0128503689,6.5019135239,-0.6119647897,1.7839274636e-60,3.5494311126e-60,1,1
turno,tarde,Turno tarde,"2017-02-23,2017-02-24,2017-03-02",tarde,,576,288,288,13,0.2628355726,0.9875699267,10,2277,nao_irrigado,1.6825128383,-0.0119916196,6.4873953719,-0.6251437601,8.9180815228e-64,1.4574338515e-63,1,1
turno,tarde,Turno tarde,"2017-02-23,2017-02-24,2017-03-02",tarde,,576,288,288,13,0.2628355726,0.9875699267,11,2270,nao_irrigado,1.4736480194,-0.0156584621,6.4383619765,-0.5589628828,1.2064272871e-48,5.4567832613e-48,1,1
turno,tarde,Turno tarde,"2017-02-23,2017-02-24,2017-03-02",tarde,,576,288,288,13,0.2628355726,0.9875699267,12,2273,nao_irrigado,1.5242991463,-0.0145344329,6.3782528165,-0.5788644432,7.8035689345e-53,2.6558497411e-52,1,1
turno,tarde,Turno tarde,"2017-02-23,2017-02-24,2017-03-02",tarde,,576,288,288,13,0.2628355726,0.9875699267,13,2272,nao_irrigado,1.5034349953,-0.0148267686,6.3506759005,-0.5726616590,1.6932444750e-51,6.4240921232e-51,1,1
turno,tarde,Turno tarde,"2017-02-23,2017-02-24,2017-03-02",tarde,,576,288,288,13,0.2628355726,0.9875699267,14,2274,nao_irrigado,1.5546455455,-0.0138159165,6.3284155969,-0.5877595752,8.4161663397e-55,2.5061193537e-54,1,1
turno,tarde,Turno tarde,"2017-02-23,2017-02-24,2017-03-02",tarde,,576,288,288,13,0.2628355726,0.9875699267,15,2271,nao_irrigado,1.4875539825,-0.0149320848,6.2937462781,-0.5667402861,3.0077267183e-50,1.2496876876e-49,1,1
turno,tarde,Turno tarde,"2017-02-23,2017-02-24,2017-03-02",tarde,,576,288,288,13,0.2628355726,0.9875699267,16,2293,irrigado,1.4778252698,0.0143929014,6.0737461092,0.2131224716,2.4268139532e-07,2.5466983619e-07,1,1
turno,tarde,Turno tarde,"2017-02-23,2017-02-24,2017-03-02",tarde,,576,288,288,13,0.2628355726,0.9875699267,17,2269,nao_irrigado,1.4292152374,-0.0147374029,5.9062801094,-0.5458435550,4.9198402642e-46,2.2548595626e-45,1,1
turno,tarde,Turno tarde,"2017-02-23,2017-02-24,2017-03-02",tarde,,576,288,288,13,0.2628355726,0.9875699267,18,1666,irrigado,1.5794493175,0.0107150606,5.5168918832,0.4108004072,7.3614993748e-25,9.4307292389e-25,1,1
turno,tarde,Turno tarde,"2017-02-23,2017-02-24,2017-03-02",tarde,,576,288,288,13,0.2628355726,0.9875699267,19,1665,irrigado,1.5553011237,0.0107689760,5.3977523615,0.4408645801,8.6526154619e-29,1.1862141967e-28,1,1
turno,tarde,Turno tarde,"2017-02-23,2017-02-24,2017-03-02",tarde,,576,288,288,13,0.2628355726,0.9875699267,20,2331,irrigado,1.0664993305,0.0195801124,5.3534397009,0.1808426141,1.2605137743e-05,1.2850933183e-05,1,1
genotipo,BR16,Genotipo BR16,"2017-02-23,2017-02-24,2017-03-02",,BR16,384,192,192,15,0.2042619030,0.9990505642,1,2270,nao_irrigado,1.7290441064,-0.0170274752,8.0207643782,-0.6012127902,4.1779395540e-39,1.9107607502e-37,1,1
genotipo,BR16,Genotipo BR16,"2017-02-23,2017-02-24,2017-03-02",,BR16,384,192,192,15,0.2042619030,0.9990505642,2,2271,nao_irrigado,1.7381956364,-0.0163703733,7.8597134451,-0.6210261293,2.5118517401e-42,2.0739314031e-40,1,1
genotipo,BR16,Genotipo BR16,"2017-02-23,2017-02-24,2017-03-02",,BR16,384,192,192,15,0.2042619030,0.9990505642,3,2272,nao_irrigado,1.7380521570,-0.0154164089,7.5572704318,-0.6313646407,4.2259922261e-44,4.7299331706e-42,1,1
genotipo,BR16,Genotipo BR16,"2017-02-23,2017-02-24,2017-03-02",,BR16,384,192,192,15,0.2042619030,0.9990505642,4,2269,nao_irrigado,1.6803078664,-0.0158479884,7.3986548389,-0.5735081330,5.8175236823e-35,1.2445488610e-33,1,1
genotipo,BR16,Genotipo BR16,"2017-02-23,2017-02-24,2017-03-02",,BR16,384,192,192,15,0.2042619030,0.9990505642,5,2273,nao_irrigado,1.7389603003,-0.0141822903,7.1715977138,-0.6376678710,3.2429133677e-45,4.0554113871e-43,1,1
genotipo,BR16,Genotipo BR16,"2017-02-23,2017-02-24,2017-03-02",,BR16,384,192,192,15,0.2042619030,0.9990505642,6,1665,irrigado,1.6391693893,0.0150287627,6.9293143481,0.6538587958,3.3436334456e-48,1.0936893935e-47,1,1
genotipo,BR16,Genotipo BR16,"2017-02-23,2017-02-24,2017-03-02",,BR16,384,192,192,15,0.2042619030,0.9990505642,7,2274,nao_irrigado,1.7530792152,-0.0123512401,6.6646494331,-0.6485443165,3.3468704360e-47,5.7433046121e-45,1,1
genotipo,BR16,Genotipo BR16,"2017-02-23,2017-02-24,2017-03-02",,BR16,384,192,192,15,0.2042619030,0.9990505642,8,1664,irrigado,1.5752169607,0.0150426461,6.6068666012,0.6510403508,1.1409744472e-47,3.3788632304e-47,1,1
genotipo,BR16,Genotipo BR16,"2017-02-23,2017-02-24,2017-03-02",,BR16,384,192,192,15,0.2042619030,0.9990505642,9,2275,nao_irrigado,1.7828088175,-0.0109939221,6.3873089799,-0.6626986143,6.5271357920e-50,1.4451019675e-47,1,1
genotipo,BR16,Genotipo BR16,"2017-02-23,2017-02-24,2017-03-02",,BR16,384,192,192,15,0.2042619030,0.9990505642,10,2268,nao_irrigado,1.6030946921,-0.0134903111,6.2583839554,-0.5417611033,1.1322984002e-30,1.1824078250e-29,1,1
genotipo,BR16,Genotipo BR16,"2017-02-23,2017-02-24,2017-03-02",,BR16,384,192,192,15,0.2042619030,0.9990505642,11,2276,nao_irrigado,1.8118844604,-0.0092789051,5.9934971003,-0.6775012474,6.5743263756e-53,1.6555957412e-50,1,1
genotipo,BR16,Genotipo BR16,"2017-02-23,2017-02-24,2017-03-02",,BR16,384,192,192,15,0.2042619030,0.9990505642,12,1666,irrigado,1.6382120597,0.0108218538,5.5939052521,0.6436474105,2.6847884748e-46,1.0153078638e-45,1,1
genotipo,BR16,Genotipo BR16,"2017-02-23,2017-02-24,2017-03-02",,BR16,384,192,192,15,0.2042619030,0.9990505642,13,1826,irrigado,1.6765451547,0.0098591820,5.4853487735,0.1756252419,5.4576551992e-04,5.4637497789e-04,1,1
genotipo,BR16,Genotipo BR16,"2017-02-23,2017-02-24,2017-03-02",,BR16,384,192,192,15,0.2042619030,0.9990505642,14,2277,nao_irrigado,1.8189323962,-0.0065908961,5.1793816811,-0.6848517112,1.8339778293e-54,3.7074772533e-52,1,1
genotipo,BR16,Genotipo BR16,"2017-02-23,2017-02-24,2017-03-02",,BR16,384,192,192,15,0.2042619030,0.9990505642,15,2267,nao_irrigado,1.5181702204,-0.0109570579,5.0231740456,-0.5084454452,1.2318237154e-26,6.4304473319e-26,1,1
genotipo,BR16,Genotipo BR16,"2017-02-23,2017-02-24,2017-03-02",,BR16,384,192,192,15,0.2042619030,0.9990505642,16,1827,irrigado,1.6083672247,0.0093140578,4.9645089468,0.1456171317,4.2436955096e-03,4.2446291128e-03,1,1
genotipo,BR16,Genotipo BR16,"2017-02-23,2017-02-24,2017-03-02",,BR16,384,192,192,15,0.2042619030,0.9990505642,17,1663,irrigado,1.4654846256,0.0114639622,4.9142345940,0.6457305419,1.1124023481e-46,3.3041337277e-46,1,1
genotipo,BR16,Genotipo BR16,"2017-02-23,2017-02-24,2017-03-02",,BR16,384,192,192,15,0.2042619030,0.9990505642,18,1670,irrigado,1.3362361505,0.0132200841,4.8090981521,0.5304777417,2.9607859470e-29,4.5749421213e-29,1,1
genotipo,BR16,Genotipo BR16,"2017-02-23,2017-02-24,2017-03-02",,BR16,384,192,192,15,0.2042619030,0.9990505642,19,2292,irrigado,1.7039157310,0.0070065256,4.7230223583,0.3024644363,1.4481654679e-09,1.4853847372e-09,1,1
genotipo,BR16,Genotipo BR16,"2017-02-23,2017-02-24,2017-03-02",,BR16,384,192,192,15,0.2042619030,0.9990505642,20,1667,irrigado,1.5906879988,0.0079355110,4.4381644262,0.6257056860,4.0294714420e-43,1.7982204476e-42,1,1
genotipo,CD202,Genotipo CD202,"2017-02-23,2017-02-24,2017-03-02",,CD202,388,196,192,12,0.2119168130,0.9990699405,1,2280,nao_irrigado,1.6434807380,-0.0127569484,7.3337720881,-0.6833902210,1.0648519356e-54,1.4093889873e-54,1,1
genotipo,CD202,Genotipo CD202,"2017-02-23,2017-02-24,2017-03-02",,CD202,388,196,192,12,0.2119168130,0.9990699405,2,873,irrigado,1.2905355851,0.0176553418,7.1776108069,-0.2409746058,1.5686567356e-06,1.5446654162e-06,1,1
genotipo,CD202,Genotipo CD202,"2017-02-23,2017-02-24,2017-03-02",,CD202,388,196,192,12,0.2119168130,0.9990699405,3,2279,nao_irrigado,1.6131135118,-0.0126181242,7.1131893728,-0.6681703393,1.6260405798e-51,2.5516635085e-51,1,1
genotipo,CD202,Genotipo CD202,"2017-02-23,2017-02-24,2017-03-02",,CD202,388,196,192,12,0.2119168130,0.9990699405,4,2281,nao_irrigado,1.6230566558,-0.0119788391,6.9322524382,-0.6869203878,1.8232406329e-55,1.8923753325e-55,1,1
genotipo,CD202,Genotipo CD202,"2017-02-23,2017-02-24,2017-03-02",,CD202,388,196,192,12,0.2119168130,0.9990699405,5,2278,nao_irrigado,1.5752546873,-0.0124564811,6.8424143934,-0.6515458789,3.0193365422e-48,5.0465369919e-48,1,1
genotipo,CD202,Genotipo CD202,"2017-02-23,2017-02-24,2017-03-02",,CD202,388,196,192,12,0.2119168130,0.9990699405,6,874,irrigado,1.2740615798,0.0164649939,6.6456946157,-0.2467400306,8.6181922871e-07,8.5920645321e-07,1,1
genotipo,CD202,Genotipo CD202,"2017-02-23,2017-02-24,2017-03-02",,CD202,388,196,192,12,0.2119168130,0.9990699405,7,423,nao_irrigado,1.2315874623,-0.0168486554,6.5508057039,-0.3391534620,6.7208159437e-12,6.4131972085e-12,1,1
genotipo,CD202,Genotipo CD202,"2017-02-23,2017-02-24,2017-03-02",,CD202,388,196,192,12,0.2119168130,0.9990699405,8,2277,nao_irrigado,1.5140400920,-0.0116654534,6.2087661250,-0.6302034701,2.4361160923e-44,3.7369547048e-44,1,1
genotipo,CD202,Genotipo CD202,"2017-02-23,2017-02-24,2017-03-02",,CD202,388,196,192,12,0.2119168130,0.9990699405,9,422,nao_irrigado,1.2036485039,-0.0160159340,6.0872095300,-0.3485054642,1.6023486822e-12,1.5435588369e-12,1,1
genotipo,CD202,Genotipo CD202,"2017-02-23,2017-02-24,2017-03-02",,CD202,388,196,192,12,0.2119168130,0.9990699405,10,2308,nao_irrigado,1.5685572618,-0.0095639963,5.7356751034,-0.5066083445,1.0979877434e-26,1.1361965393e-26,1,1
genotipo,CD202,Genotipo CD202,"2017-02-23,2017-02-24,2017-03-02",,CD202,388,196,192,12,0.2119168130,0.9990699405,11,2276,nao_irrigado,1.4586456766,-0.0111049239,5.6927773796,-0.6085499956,1.1235261283e-40,1.7183657060e-40,1,1
genotipo,CD202,Genotipo CD202,"2017-02-23,2017-02-24,2017-03-02",,CD202,388,196,192,12,0.2119168130,0.9990699405,12,990,nao_irrigado,1.2191074422,-0.0144536629,5.5957691718,0.2298554683,4.7755987732e-06,4.9890267508e-06,1,1
genotipo,CD202,Genotipo CD202,"2017-02-23,2017-02-24,2017-03-02",,CD202,388,196,192,12,0.2119168130,0.9990699405,13,875,irrigado,1.1961719438,0.0146374832,5.5358965697,-0.2468257711,8.5408079088e-07,8.5660845263e-07,1,1
genotipo,CD202,Genotipo CD202,"2017-02-23,2017-02-24,2017-03-02",,CD202,388,196,192,12,0.2119168130,0.9990699405,14,2307,nao_irrigado,1.5456196345,-0.0092740976,5.5006471478,-0.5465264322,1.3448194502e-31,1.3736408660e-31,1,1
genotipo,CD202,Genotipo CD202,"2017-02-23,2017-02-24,2017-03-02",,CD202,388,196,192,12,0.2119168130,0.9990699405,15,989,nao_irrigado,1.1740152756,-0.0148653526,5.4966507753,0.2279277570,5.7603167360e-06,6.0750836512e-06,1,1
genotipo,CD202,Genotipo CD202,"2017-02-23,2017-02-24,2017-03-02",,CD202,388,196,192,12,0.2119168130,0.9990699405,16,368,nao_irrigado,1.3850677997,-0.0112200964,5.3252609127,-0.3394732745,6.4042896349e-12,6.1617631782e-12,1,1
genotipo,CD202,Genotipo CD202,"2017-02-23,2017-02-24,2017-03-02",,CD202,388,196,192,12,0.2119168130,0.9990699405,17,811,nao_irrigado,1.0685318817,-0.0158411080,5.2694786518,-0.1787108980,4.0415411616e-04,3.9888755320e-04,1,1
genotipo,CD202,Genotipo CD202,"2017-02-23,2017-02-24,2017-03-02",,CD202,388,196,192,12,0.2119168130,0.9990699405,18,628,irrigado,1.3042383979,0.0121018018,5.2007295796,0.1897517122,1.7002916596e-04,1.7548961414e-04,1,1
genotipo,CD202,Genotipo CD202,"2017-02-23,2017-02-24,2017-03-02",,CD202,388,196,192,12,0.2119168130,0.9990699405,19,2115,irrigado,1.3144868985,0.0118686716,5.1716583148,0.5736031889,2.5256362098e-35,3.4666746572e-35,1,1
genotipo,CD202,Genotipo CD202,"2017-02-23,2017-02-24,2017-03-02",,CD202,388,196,192,12,0.2119168130,0.9990699405,20,2309,nao_irrigado,1.5185826237,-0.0087320772,5.1495561684,-0.4498612836,9.9568740123e-21,1.0183295591e-20,1,1
genotipo,EMB48,Genotipo EMB48,"2017-02-23,2017-02-24,2017-03-02",,EMB48,384,192,192,13,0.2383022563,0.9942491319,1,1661,irrigado,1.5810757399,0.0151694677,6.8954396375,0.4969532003,2.4148981263e-25,3.0559265701e-25,1,1
genotipo,EMB48,Genotipo EMB48,"2017-02-23,2017-02-24,2017-03-02",,EMB48,384,192,192,13,0.2383022563,0.9942491319,2,1660,irrigado,1.5139576994,0.0141739040,6.2129171537,0.5214710777,3.6749221446e-28,4.9133474059e-28,1,1
genotipo,EMB48,Genotipo EMB48,"2017-02-23,2017-02-24,2017-03-02",,EMB48,384,192,192,13,0.2383022563,0.9942491319,3,391,nao_irrigado,1.3544294922,-0.0168435095,6.1707831007,-0.5076417560,1.5223958909e-26,3.5261024468e-26,1,1
genotipo,EMB48,Genotipo EMB48,"2017-02-23,2017-02-24,2017-03-02",,EMB48,384,192,192,13,0.2383022563,0.9942491319,4,1663,irrigado,1.5114342235,0.0132620236,5.9128808652,0.4103876830,4.9417292628e-17,5.3585154952e-17,1,1
genotipo,EMB48,Genotipo EMB48,"2017-02-23,2017-02-24,2017-03-02",,EMB48,384,192,192,13,0.2383022563,0.9942491319,5,2307,nao_irrigado,1.5961779495,-0.0115885957,5.8551596835,-0.4410199294,1.0477723248e-19,1.0494345624e-19,1,1
genotipo,EMB48,Genotipo EMB48,"2017-02-23,2017-02-24,2017-03-02",,EMB48,384,192,192,13,0.2383022563,0.9942491319,6,1662,irrigado,1.5278039023,0.0125673716,5.7851968776,0.4533580590,7.3172839769e-21,8.5983153021e-21,1,1
genotipo,EMB48,Genotipo EMB48,"2017-02-23,2017-02-24,2017-03-02",,EMB48,384,192,192,13,0.2383022563,0.9942491319,7,2308,nao_irrigado,1.5188839035,-0.0116309896,5.4421969036,-0.3930897818,1.2215986010e-15,1.2380169302e-15,1,1
genotipo,EMB48,Genotipo EMB48,"2017-02-23,2017-02-24,2017-03-02",,EMB48,384,192,192,13,0.2383022563,0.9942491319,8,1664,irrigado,1.4699363239,0.0121685170,5.3409180153,0.3745249998,3.1169041249e-14,3.2733471710e-14,1,1
genotipo,EMB48,Genotipo EMB48,"2017-02-23,2017-02-24,2017-03-02",,EMB48,384,192,192,13,0.2383022563,0.9942491319,9,1784,irrigado,1.5958190667,0.0093958686,5.1651708878,0.3392274375,8.5298702744e-12,1.1158298511e-11,1,1
genotipo,EMB48,Genotipo EMB48,"2017-02-23,2017-02-24,2017-03-02",,EMB48,384,192,192,13,0.2383022563,0.9942491319,10,1187,nao_irrigado,0.9284362537,-0.0207170422,5.0368908081,-0.2267218953,7.2266521167e-06,7.2268453022e-06,1,1
genotipo,EMB48,Genotipo EMB48,"2017-02-23,2017-02-24,2017-03-02",,EMB48,384,192,192,13,0.2383022563,0.9942491319,11,2306,nao_irrigado,1.5786228471,-0.0090315518,4.9560251219,-0.4605862739,1.4622045844e-21,1.4894187051e-21,1,1
genotipo,EMB48,Genotipo EMB48,"2017-02-23,2017-02-24,2017-03-02",,EMB48,384,192,192,13,0.2383022563,0.9942491319,12,2304,nao_irrigado,1.4969704412,-0.0104346134,4.9459619220,-0.4486626651,2.0407912398e-20,2.6723565474e-20,1,1
genotipo,EMB48,Genotipo EMB48,"2017-02-23,2017-02-24,2017-03-02",,EMB48,384,192,192,13,0.2383022563,0.9942491319,13,383,nao_irrigado,1.2414227600,-0.0145939361,4.8417223750,-0.4859300297,3.7791915478e-24,1.5932224920e-23,1,1
genotipo,EMB48,Genotipo EMB48,"2017-02-23,2017-02-24,2017-03-02",,EMB48,384,192,192,13,0.2383022563,0.9942491319,14,380,nao_irrigado,1.3272967443,-0.0130566372,4.8329474376,-0.4036607249,1.7591037562e-16,2.2833050208e-16,1,1
genotipo,EMB48,Genotipo EMB48,"2017-02-23,2017-02-24,2017-03-02",,EMB48,384,192,192,13,0.2383022563,0.9942491319,15,1731,nao_irrigado,1.0766200397,-0.0173001547,4.7819882740,-0.2370209541,2.6453707564e-06,2.7162551191e-06,1,1
genotipo,EMB48,Genotipo EMB48,"2017-02-23,2017-02-24,2017-03-02",,EMB48,384,192,192,13,0.2383022563,0.9942491319,16,2305,nao_irrigado,1.5536462797,-0.0088413391,4.7586004131,-0.4678750358,2.7718339674e-22,3.1774871841e-22,1,1
genotipo,EMB48,Genotipo EMB48,"2017-02-23,2017-02-24,2017-03-02",,EMB48,384,192,192,13,0.2383022563,0.9942491319,17,1659,irrigado,1.3911222763,0.0115111632,4.7000136199,0.5400683863,1.8621940400e-30,2.9689852954e-30,1,1
genotipo,EMB48,Genotipo EMB48,"2017-02-23,2017-02-24,2017-03-02",,EMB48,384,192,192,13,0.2383022563,0.9942491319,18,979,nao_irrigado,1.4287907666,-0.0104988350,4.5901123727,-0.3527861217,1.0724801400e-12,1.1165364254e-12,1,1
genotipo,EMB48,Genotipo EMB48,"2017-02-23,2017-02-24,2017-03-02",,EMB48,384,192,192,13,0.2383022563,0.9942491319,19,1808,irrigado,1.5993790925,0.0074250002,4.5664066586,0.4866740361,3.1487028716e-24,3.2828470106e-24,1,1
genotipo,EMB48,Genotipo EMB48,"2017-02-23,2017-02-24,2017-03-02",,EMB48,384,192,192,13,0.2383022563,0.9942491319,20,880,irrigado,1.0615330637,0.0168681257,4.5632286845,-0.1674344181,9.8907911685e-04,9.8987930489e-04,1,1
turno_genotipo,manha_BR16,manha / BR16,"2017-02-23,2017-02-24,2017-03-02",manha,BR16,192,96,96,10,0.1490170431,1.0000000000,1,1826,irrigado,1.5904382169,0.0073773859,7.5808275390,0.2390776270,8.3872201141e-04,8.3883230266e-04,1,1
turno_genotipo,manha_BR16,manha / BR16,"2017-02-23,2017-02-24,2017-03-02",manha,BR16,192,96,96,10,0.1490170431,1.0000000000,2,1816,irrigado,1.4135490608,0.0086079812,7.4699335386,0.4753344843,3.2433574638e-12,3.3303354006e-12,1,1
turno_genotipo,manha_BR16,manha / BR16,"2017-02-23,2017-02-24,2017-03-02",manha,BR16,192,96,96,10,0.1490170431,1.0000000000,3,1827,irrigado,1.5142112759,0.0071152711,6.9604227442,0.2103970475,3.3986932604e-03,3.3987222040e-03,1,1
turno_genotipo,manha_BR16,manha / BR16,"2017-02-23,2017-02-24,2017-03-02",manha,BR16,192,96,96,10,0.1490170431,1.0000000000,4,1815,irrigado,1.3852724600,0.0079315390,6.8212427601,0.4841105567,1.1275099279e-12,1.1675967935e-12,1,1
turno_genotipo,manha_BR16,manha / BR16,"2017-02-23,2017-02-24,2017-03-02",manha,BR16,192,96,96,10,0.1490170431,1.0000000000,5,1817,irrigado,1.3247317024,0.0079775441,6.5121834528,0.4391319655,1.8694594802e-10,1.9278565034e-10,1,1
turno_genotipo,manha_BR16,manha / BR16,"2017-02-23,2017-02-24,2017-03-02",manha,BR16,192,96,96,10,0.1490170431,1.0000000000,6,2186,irrigado,1.4689736155,0.0065354923,6.2856834555,0.4668133530,8.7946088253e-12,8.7978050933e-12,1,1
turno_genotipo,manha_BR16,manha / BR16,"2017-02-23,2017-02-24,2017-03-02",manha,BR16,192,96,96,10,0.1490170431,1.0000000000,7,2185,irrigado,1.4590516243,0.0063041788,6.0624313446,0.4790490299,2.0814479631e-12,2.0818025542e-12,1,1
turno_genotipo,manha_BR16,manha / BR16,"2017-02-23,2017-02-24,2017-03-02",manha,BR16,192,96,96,10,0.1490170431,1.0000000000,8,2187,irrigado,1.4222260162,0.0063789797,5.9082683964,0.4472465548,7.8496672684e-11,7.8872058305e-11,1,1
turno_genotipo,manha_BR16,manha / BR16,"2017-02-23,2017-02-24,2017-03-02",manha,BR16,192,96,96,10,0.1490170431,1.0000000000,9,436,irrigado,1.3769643982,0.0064705791,5.7185463346,-0.4831358554,1.2697898955e-12,1.4341156387e-12,1,1
turno_genotipo,manha_BR16,manha / BR16,"2017-02-23,2017-02-24,2017-03-02",manha,BR16,192,96,96,10,0.1490170431,1.0000000000,10,2184,irrigado,1.4269923438,0.0059931487,5.6564077073,0.4930238187,3.7368024438e-13,3.7378775072e-13,1,1
turno_genotipo,manha_BR16,manha / BR16,"2017-02-23,2017-02-24,2017-03-02",manha,BR16,192,96,96,10,0.1490170431,1.0000000000,11,2183,irrigado,1.4107776152,0.0058713457,5.4767104119,0.5096766273,4.3480291752e-14,4.3610738333e-14,1,1
turno_genotipo,manha_BR16,manha / BR16,"2017-02-23,2017-02-24,2017-03-02",manha,BR16,192,96,96,10,0.1490170431,1.0000000000,12,826,irrigado,1.4050867544,0.0058574701,5.4345069319,-0.4031133737,6.7473437915e-09,1.2675288504e-08,1,1
turno_genotipo,manha_BR16,manha / BR16,"2017-02-23,2017-02-24,2017-03-02",manha,BR16,192,96,96,10,0.1490170431,1.0000000000,13,825,irrigado,1.3864881190,0.0058838739,5.3484283347,-0.3975617239,1.1303369481e-08,2.1495537180e-08,1,1
turno_genotipo,manha_BR16,manha / BR16,"2017-02-23,2017-02-24,2017-03-02",manha,BR16,192,96,96,10,0.1490170431,1.0000000000,14,1661,irrigado,1.3621351762,0.0058749038,5.2042523428,0.7389418992,2.0353263363e-34,7.2288861589e-33,1,1
turno_genotipo,manha_BR16,manha / BR16,"2017-02-23,2017-02-24,2017-03-02",manha,BR16,192,96,96,10,0.1490170431,1.0000000000,15,435,irrigado,1.2852026214,0.0064599416,5.1920290173,-0.4482357046,7.0506483655e-11,8.0906784671e-11,1,1
turno_genotipo,manha_BR16,manha / BR16,"2017-02-23,2017-02-24,2017-03-02",manha,BR16,192,96,96,10,0.1490170431,1.0000000000,16,1818,irrigado,1.2064022737,0.0070658887,5.1843546132,0.3755335646,7.9916441066e-08,8.1326758243e-08,1,1
turno_genotipo,manha_BR16,manha / BR16,"2017-02-23,2017-02-24,2017-03-02",manha,BR16,192,96,96,10,0.1490170431,1.0000000000,17,2188,irrigado,1.3396690525,0.0057815619,5.0097756551,0.4260664305,7.2107604277e-10,7.3010714877e-10,1,1
turno_genotipo,manha_BR16,manha / BR16,"2017-02-23,2017-02-24,2017-03-02",manha,BR16,192,96,96,10,0.1490170431,1.0000000000,18,2182,irrigado,1.3742991522,0.0054860496,4.9920340526,0.5196733494,1.1287698425e-14,1.1395465679e-14,1,1
turno_genotipo,manha_BR16,manha / BR16,"2017-02-23,2017-02-24,2017-03-02",manha,BR16,192,96,96,10,0.1490170431,1.0000000000,19,827,irrigado,1.3736202064,0.0054607692,4.9699270515,-0.4031534090,6.7220533885e-09,1.2156952124e-08,1,1
turno_genotipo,manha_BR16,manha / BR16,"2017-02-23,2017-02-24,2017-03-02",manha,BR16,192,96,96,10,0.1490170431,1.0000000000,20,1801,irrigado,1.4879893389,0.0045154908,4.9335027210,0.6617199625,1.4883666150e-25,2.3750215894e-25,1,1
turno_genotipo,manha_CD202,manha / CD202,"2017-02-23,2017-02-24,2017-03-02",manha,CD202,196,100,96,14,0.1801537365,0.9984375000,1,2149,irrigado,1.4902737561,0.0114193652,6.9215463115,0.7945932302,6.5220764837e-44,7.3155778987e-43,1,1
turno_genotipo,manha_CD202,manha / CD202,"2017-02-23,2017-02-24,2017-03-02",manha,CD202,196,100,96,14,0.1801537365,0.9984375000,2,2150,irrigado,1.4622316354,0.0114409616,6.7569469183,0.7907521615,3.2112806218e-43,4.3648207014e-42,1,1
turno_genotipo,manha_CD202,manha / CD202,"2017-02-23,2017-02-24,2017-03-02",manha,CD202,196,100,96,14,0.1801537365,0.9984375000,3,2170,irrigado,1.5129594006,0.0106340659,6.7164845926,0.7812282796,1.4529213251e-41,1.8902431728e-41,1,1
turno_genotipo,manha_CD202,manha / CD202,"2017-02-23,2017-02-24,2017-03-02",manha,CD202,196,100,96,14,0.1801537365,0.9984375000,4,2148,irrigado,1.4982480930,0.0107269027,6.6660363092,0.7966973169,2.6845346970e-44,2.6722881569e-43,1,1
turno_genotipo,manha_CD202,manha / CD202,"2017-02-23,2017-02-24,2017-03-02",manha,CD202,196,100,96,14,0.1801537365,0.9984375000,5,2151,irrigado,1.4386108148,0.0114181367,6.6002320496,0.7910618346,2.8275122162e-43,4.1885407036e-42,1,1
turno_genotipo,manha_CD202,manha / CD202,"2017-02-23,2017-02-24,2017-03-02",manha,CD202,196,100,96,14,0.1801537365,0.9984375000,6,2169,irrigado,1.5394527221,0.0095796313,6.4165133429,0.7932810769,1.1285761660e-43,2.1347576252e-43,1,1
turno_genotipo,manha_CD202,manha / CD202,"2017-02-23,2017-02-24,2017-03-02",manha,CD202,196,100,96,14,0.1801537365,0.9984375000,7,2152,irrigado,1.4165888847,0.0112820538,6.4035557126,0.7901872372,4.0482881926e-43,5.8912444571e-42,1,1
turno_genotipo,manha_CD202,manha / CD202,"2017-02-23,2017-02-24,2017-03-02",manha,CD202,196,100,96,14,0.1801537365,0.9984375000,8,2171,irrigado,1.4392738490,0.0104214668,6.1653263351,0.7596603101,4.1871786250e-38,4.3171670814e-38,1,1
turno_genotipo,manha_CD202,manha / CD202,"2017-02-23,2017-02-24,2017-03-02",manha,CD202,196,100,96,14,0.1801537365,0.9984375000,9,2168,irrigado,1.5420715553,0.0084942981,5.9546958372,0.8000672934,6.3366073483e-45,1.6372141306e-44,1,1
turno_genotipo,manha_CD202,manha / CD202,"2017-02-23,2017-02-24,2017-03-02",manha,CD202,196,100,96,14,0.1801537365,0.9984375000,10,2153,irrigado,1.3907871922,0.0103664532,5.8400417290,0.7868877829,1.5440459513e-42,2.7263522687e-41,1,1
turno_genotipo,manha_CD202,manha / CD202,"2017-02-23,2017-02-24,2017-03-02",manha,CD202,196,100,96,14,0.1801537365,0.9984375000,11,2147,irrigado,1.4727716699,0.0090729513,5.7793062333,0.7958284191,3.8781027144e-44,3.6773974662e-43,1,1
turno_genotipo,manha_CD202,manha / CD202,"2017-02-23,2017-02-24,2017-03-02",manha,CD202,196,100,96,14,0.1801537365,0.9984375000,12,422,nao_irrigado,1.4089657865,-0.0099698267,5.7782021553,-0.4368045753,1.5479711829e-10,1.4253666008e-10,1,1
turno_genotipo,manha_CD202,manha / CD202,"2017-02-23,2017-02-24,2017-03-02",manha,CD202,196,100,96,14,0.1801537365,0.9984375000,13,464,nao_irrigado,1.2573306335,-0.0112413908,5.3968160757,-0.5984850517,1.9739705820e-20,7.0027025240e-20,1,1
turno_genotipo,manha_CD202,manha / CD202,"2017-02-23,2017-02-24,2017-03-02",manha,CD202,196,100,96,14,0.1801537365,0.9984375000,14,2167,irrigado,1.5257724797,0.0072379051,5.3000678065,0.8047868477,8.0037904961e-46,2.3019902883e-45,1,1
turno_genotipo,manha_CD202,manha / CD202,"2017-02-23,2017-02-24,2017-03-02",manha,CD202,196,100,96,14,0.1801537365,0.9984375000,15,423,nao_irrigado,1.3968122685,-0.0090227221,5.2855519828,-0.4238616382,5.9998158454e-10,5.4645310559e-10,1,1
turno_genotipo,manha_CD202,manha / CD202,"2017-02-23,2017-02-24,2017-03-02",manha,CD202,196,100,96,14,0.1801537365,0.9984375000,16,2172,irrigado,1.3536097577,0.0092310100,5.1090579419,0.7320699167,3.5477896676e-34,3.2784611318e-34,1,1
turno_genotipo,manha_CD202,manha / CD202,"2017-02-23,2017-02-24,2017-03-02",manha,CD202,196,100,96,14,0.1801537365,0.9984375000,17,465,nao_irrigado,1.2729477669,-0.0103323729,5.0933695311,-0.6183361210,4.6288689399e-22,1.4414704850e-21,1,1
turno_genotipo,manha_CD202,manha / CD202,"2017-02-23,2017-02-24,2017-03-02",manha,CD202,196,100,96,14,0.1801537365,0.9984375000,18,2154,irrigado,1.3732308864,0.0087612996,5.0239822871,0.7842187551,4.4818781249e-42,9.2583532443e-41,1,1
turno_genotipo,manha_CD202,manha / CD202,"2017-02-23,2017-02-24,2017-03-02",manha,CD202,196,100,96,14,0.1801537365,0.9984375000,19,874,irrigado,1.2696576943,0.0100457959,4.9467074868,-0.3256205893,3.2072460418e-06,3.6654951813e-06,1,1
turno_genotipo,manha_CD202,manha / CD202,"2017-02-23,2017-02-24,2017-03-02",manha,CD202,196,100,96,14,0.1801537365,0.9984375000,20,2146,irrigado,1.4464896154,0.0075264288,4.9348953202,0.7938404178,8.9377158870e-44,8.1310573136e-43,1,1
turno_genotipo,manha_EMB48,manha / EMB48,"2017-02-23,2017-02-24,2017-03-02",manha,EMB48,192,96,96,14,0.1952638159,0.9981553819,1,383,nao_irrigado,1.7115496692,-0.0189935360,10.1218253992,-0.6475491232,3.3239354351e-24,1.5269155346e-23,1,1
turno_genotipo,manha_EMB48,manha / EMB48,"2017-02-23,2017-02-24,2017-03-02",manha,EMB48,192,96,96,14,0.1952638159,0.9981553819,2,382,nao_irrigado,1.5183839550,-0.0127181924,6.7019566375,-0.6112936224,4.6524623579e-21,1.7012293068e-20,1,1
turno_genotipo,manha_EMB48,manha / EMB48,"2017-02-23,2017-02-24,2017-03-02",manha,EMB48,192,96,96,14,0.1952638159,0.9981553819,3,384,nao_irrigado,1.6101879772,-0.0104419215,6.5033628650,-0.6633795052,1.0231232189e-25,4.5934983005e-25,1,1
turno_genotipo,manha_EMB48,manha / EMB48,"2017-02-23,2017-02-24,2017-03-02",manha,EMB48,192,96,96,14,0.1952638159,0.9981553819,4,408,nao_irrigado,1.3943789714,-0.0135322632,6.1861368106,-0.5778789366,1.6953933932e-18,2.3709544543e-18,1,1
turno_genotipo,manha_EMB48,manha / EMB48,"2017-02-23,2017-02-24,2017-03-02",manha,EMB48,192,96,96,14,0.1952638159,0.9981553819,5,385,nao_irrigado,1.5049854408,-0.0105202120,5.8533694294,-0.6978219643,2.4022845518e-29,4.4140493562e-29,1,1
turno_genotipo,manha_EMB48,manha / EMB48,"2017-02-23,2017-02-24,2017-03-02",manha,EMB48,192,96,96,14,0.1952638159,0.9981553819,6,388,nao_irrigado,1.3547119819,-0.0129608532,5.7326283825,-0.6178583088,1.3433184552e-21,2.3063476468e-21,1,1
turno_genotipo,manha_EMB48,manha / EMB48,"2017-02-23,2017-02-24,2017-03-02",manha,EMB48,192,96,96,14,0.1952638159,0.9981553819,7,386,nao_irrigado,1.3870494844,-0.0113876989,5.3951403535,-0.6786592442,2.8901714721e-27,3.8100125649e-27,1,1
turno_genotipo,manha_EMB48,manha / EMB48,"2017-02-23,2017-02-24,2017-03-02",manha,EMB48,192,96,96,14,0.1952638159,0.9981553819,8,389,nao_irrigado,1.3516862389,-0.0118858989,5.3403163433,-0.6137815450,2.9154130232e-21,4.6958374323e-21,1,1
turno_genotipo,manha_EMB48,manha / EMB48,"2017-02-23,2017-02-24,2017-03-02",manha,EMB48,192,96,96,14,0.1952638159,0.9981553819,9,409,nao_irrigado,1.5032577658,-0.0089399485,5.2941514038,-0.5937237989,1.1262073346e-19,2.3077896005e-19,1,1
turno_genotipo,manha_EMB48,manha / EMB48,"2017-02-23,2017-02-24,2017-03-02",manha,EMB48,192,96,96,14,0.1952638159,0.9981553819,10,2286,irrigado,1.0874072232,0.0165725818,5.2647817862,-0.2985690410,2.5944126716e-05,2.7904412919e-05,1,1
turno_genotipo,manha_EMB48,manha / EMB48,"2017-02-23,2017-02-24,2017-03-02",manha,EMB48,192,96,96,14,0.1952638159,0.9981553819,11,669,nao_irrigado,1.5463766775,-0.0079838246,5.2400695473,0.2233125255,1.8487167857e-03,1.8523156584e-03,1,1
turno_genotipo,manha_EMB48,manha / EMB48,"2017-02-23,2017-02-24,2017-03-02",manha,EMB48,192,96,96,14,0.1952638159,0.9981553819,12,668,nao_irrigado,1.5668037509,-0.0072384005,5.1130082151,0.2719216276,1.3596397365e-04,1.3819370305e-04,1,1
turno_genotipo,manha_EMB48,manha / EMB48,"2017-02-23,2017-02-24,2017-03-02",manha,EMB48,192,96,96,14,0.1952638159,0.9981553819,13,407,nao_irrigado,1.2228014017,-0.0133129127,5.0056795654,-0.5311096441,2.2834911240e-15,2.5436949978e-15,1,1
turno_genotipo,manha_EMB48,manha / EMB48,"2017-02-23,2017-02-24,2017-03-02",manha,EMB48,192,96,96,14,0.1952638159,0.9981553819,14,387,nao_irrigado,1.3477497517,-0.0109711839,4.9977194932,-0.6531598557,9.9124938462e-25,1.4139317952e-24,1,1
turno_genotipo,manha_EMB48,manha / EMB48,"2017-02-23,2017-02-24,2017-03-02",manha,EMB48,192,96,96,14,0.1952638159,0.9981553819,15,1633,irrigado,1.1740773420,0.0141008089,4.9653352480,0.4649459093,1.0903621095e-11,1.1254604113e-11,1,1
turno_genotipo,manha_EMB48,manha / EMB48,"2017-02-23,2017-02-24,2017-03-02",manha,EMB48,192,96,96,14,0.1952638159,0.9981553819,16,470,irrigado,1.2802057008,0.0113853859,4.7066263624,-0.7203512068,5.1788235807e-32,5.4248938896e-32,1,1
turno_genotipo,manha_EMB48,manha / EMB48,"2017-02-23,2017-02-24,2017-03-02",manha,EMB48,192,96,96,14,0.1952638159,0.9981553819,17,667,nao_irrigado,1.5537050831,-0.0060239784,4.6074877362,0.3125429276,1.0170578154e-05,1.0815912557e-05,1,1
turno_genotipo,manha_EMB48,manha / EMB48,"2017-02-23,2017-02-24,2017-03-02",manha,EMB48,192,96,96,14,0.1952638159,0.9981553819,18,390,nao_irrigado,1.3131361270,-0.0104577412,4.5968429531,-0.6166842465,1.6811073687e-21,2.3554758864e-21,1,1
turno_genotipo,manha_EMB48,manha / EMB48,"2017-02-23,2017-02-24,2017-03-02",manha,EMB48,192,96,96,14,0.1952638159,0.9981553819,19,851,nao_irrigado,1.2261430930,-0.0119654313,4.5598290837,-0.5082017250,5.2856083185e-14,7.7929589902e-14,1,1
turno_genotipo,manha_EMB48,manha / EMB48,"2017-02-23,2017-02-24,2017-03-02",manha,EMB48,192,96,96,14,0.1952638159,0.9981553819,20,852,nao_irrigado,1.2279335094,-0.0119084472,4.5515889405,-0.5021693993,1.1633749188e-13,1.6006727943e-13,1,1
turno_genotipo,tarde_BR16,tarde / BR16,"2017-02-23,2017-02-24,2017-03-02",tarde,BR16,192,96,96,15,0.2061542027,0.9989149306,1,1668,irrigado,1.6873013429,0.0141852674,7.8054286615,0.5586062174,3.7886260795e-17,4.2396082419e-17,1,1
turno_genotipo,tarde_BR16,tarde / BR16,"2017-02-23,2017-02-24,2017-03-02",tarde,BR16,192,96,96,15,0.2061542027,0.9989149306,2,2271,nao_irrigado,1.6525399379,-0.0137974865,7.4780686837,-0.7157240287,1.9183990549e-31,1.0076675438e-29,1,1
turno_genotipo,tarde_BR16,tarde / BR16,"2017-02-23,2017-02-24,2017-03-02",tarde,BR16,192,96,96,15,0.2061542027,0.9989149306,3,1669,irrigado,1.5619674642,0.0149048848,7.4016873805,0.5125923179,2.9474198310e-14,3.0904730192e-14,1,1
turno_genotipo,tarde_BR16,tarde / BR16,"2017-02-23,2017-02-24,2017-03-02",tarde,BR16,192,96,96,15,0.2061542027,0.9989149306,4,2282,nao_irrigado,1.8581667814,-0.0105974433,7.3999584663,-0.6077379726,9.0092921689e-21,9.0691209485e-21,1,1
turno_genotipo,tarde_BR16,tarde / BR16,"2017-02-23,2017-02-24,2017-03-02",tarde,BR16,192,96,96,15,0.2061542027,0.9989149306,5,1667,irrigado,1.7531440793,0.0120806352,7.3844049482,0.6004293097,3.4155982650e-20,3.6884925537e-20,1,1
turno_genotipo,tarde_BR16,tarde / BR16,"2017-02-23,2017-02-24,2017-03-02",tarde,BR16,192,96,96,15,0.2061542027,0.9989149306,6,2272,nao_irrigado,1.6305929103,-0.0137204043,7.3328976568,-0.7105838437,7.9719405484e-31,3.0867370877e-29,1,1
turno_genotipo,tarde_BR16,tarde / BR16,"2017-02-23,2017-02-24,2017-03-02",tarde,BR16,192,96,96,15,0.2061542027,0.9989149306,7,2276,nao_irrigado,1.7508226592,-0.0118415313,7.2843621616,-0.7454206127,2.6394708126e-35,2.6998712551e-33,1,1
turno_genotipo,tarde_BR16,tarde / BR16,"2017-02-23,2017-02-24,2017-03-02",tarde,BR16,192,96,96,15,0.2061542027,0.9989149306,8,2275,nao_irrigado,1.7017461228,-0.0123426980,7.2067184872,-0.7317352959,1.8406700427e-33,1.4600910872e-31,1,1
turno_genotipo,tarde_BR16,tarde / BR16,"2017-02-23,2017-02-24,2017-03-02",tarde,BR16,192,96,96,15,0.2061542027,0.9989149306,9,2270,nao_irrigado,1.6583840475,-0.0128068475,7.1459402798,-0.7136399998,3.4307912326e-31,1.7529697757e-29,1,1
turno_genotipo,tarde_BR16,tarde / BR16,"2017-02-23,2017-02-24,2017-03-02",tarde,BR16,192,96,96,15,0.2061542027,0.9989149306,10,2273,nao_irrigado,1.6242471742,-0.0130339007,7.0473610549,-0.7085055222,1.4056289243e-30,4.7120846336e-29,1,1
turno_genotipo,tarde_BR16,tarde / BR16,"2017-02-23,2017-02-24,2017-03-02",tarde,BR16,192,96,96,15,0.2061542027,0.9989149306,11,2274,nao_irrigado,1.6547056973,-0.0125743283,7.0410840299,-0.7180220647,1.0044323638e-31,4.9410271400e-30,1,1
turno_genotipo,tarde_BR16,tarde / BR16,"2017-02-23,2017-02-24,2017-03-02",tarde,BR16,192,96,96,15,0.2061542027,0.9989149306,12,2277,nao_irrigado,1.7741457155,-0.0105625635,6.9396116719,-0.7497398620,6.5317143278e-36,5.4585567506e-34,1,1
turno_genotipo,tarde_BR16,tarde / BR16,"2017-02-23,2017-02-24,2017-03-02",tarde,BR16,192,96,96,15,0.2061542027,0.9989149306,13,1666,irrigado,1.7487083115,0.0104869638,6.7763920139,0.6260328582,2.7441953293e-22,2.7637737781e-22,1,1
turno_genotipo,tarde_BR16,tarde / BR16,"2017-02-23,2017-02-24,2017-03-02",tarde,BR16,192,96,96,15,0.2061542027,0.9989149306,14,2283,nao_irrigado,1.6291470472,-0.0109042398,6.2925339661,-0.3944868730,1.4981439362e-08,1.5258294880e-08,1,1
turno_genotipo,tarde_BR16,tarde / BR16,"2017-02-23,2017-02-24,2017-03-02",tarde,BR16,192,96,96,15,0.2061542027,0.9989149306,15,2281,nao_irrigado,1.8422044054,-0.0077605103,6.2746537562,-0.6991286196,1.7091401224e-29,1.8371254461e-29,1,1
turno_genotipo,tarde_BR16,tarde / BR16,"2017-02-23,2017-02-24,2017-03-02",tarde,BR16,192,96,96,15,0.2061542027,0.9989149306,16,1670,irrigado,1.4135116320,0.0138850695,6.2369477281,0.4740396017,3.7809541720e-12,3.8027790568e-12,1,1
turno_genotipo,tarde_BR16,tarde / BR16,"2017-02-23,2017-02-24,2017-03-02",tarde,BR16,192,96,96,15,0.2061542027,0.9989149306,17,2269,nao_irrigado,1.6269896278,-0.0107284218,6.2165711462,-0.7019674062,8.1059070679e-30,3.3078562482e-28,1,1
turno_genotipo,tarde_BR16,tarde / BR16,"2017-02-23,2017-02-24,2017-03-02",tarde,BR16,192,96,96,15,0.2061542027,0.9989149306,18,2278,nao_irrigado,1.7654360197,-0.0078061584,5.8824688123,-0.7435839093,4.7394023093e-35,1.3370236993e-33,1,1
turno_genotipo,tarde_BR16,tarde / BR16,"2017-02-23,2017-02-24,2017-03-02",tarde,BR16,192,96,96,15,0.2061542027,0.9989149306,19,1665,irrigado,1.6572235922,0.0089390264,5.7214639322,0.6387807599,2.0947493652e-23,2.0980215605e-23,1,1
turno_genotipo,tarde_BR16,tarde / BR16,"2017-02-23,2017-02-24,2017-03-02",tarde,BR16,192,96,96,15,0.2061542027,0.9989149306,20,2280,nao_irrigado,1.8062389975,-0.0060415057,5.4527327037,-0.7270581187,7.4004122755e-33,1.3607278897e-32,1,1
turno_genotipo,tarde_CD202,tarde / CD202,"2017-02-23,2017-02-24,2017-03-02",tarde,CD202,192,96,96,12,0.2144343412,0.9998914931,1,2281,nao_irrigado,1.7372391798,-0.0109764954,7.6543598964,-0.6588721843,2.8160834552e-25,3.2477840609e-25,1,1
turno_genotipo,tarde_CD202,tarde / CD202,"2017-02-23,2017-02-24,2017-03-02",tarde,CD202,192,96,96,12,0.2144343412,0.9998914931,2,1670,irrigado,1.3903539928,0.0142342659,6.9105670988,0.2374748349,9.1108745883e-04,9.1609496344e-04,1,1
turno_genotipo,tarde_CD202,tarde / CD202,"2017-02-23,2017-02-24,2017-03-02",tarde,CD202,192,96,96,12,0.2144343412,0.9998914931,3,1669,irrigado,1.4304304788,0.0136404506,6.9099664165,0.2982589510,2.6474626542e-05,2.6576834904e-05,1,1
turno_genotipo,tarde_CD202,tarde / CD202,"2017-02-23,2017-02-24,2017-03-02",tarde,CD202,192,96,96,12,0.2144343412,0.9998914931,4,2282,nao_irrigado,1.6398705746,-0.0103435955,6.8297925340,-0.6332220881,6.5270793823e-23,7.6000938156e-23,1,1
turno_genotipo,tarde_CD202,tarde / CD202,"2017-02-23,2017-02-24,2017-03-02",tarde,CD202,192,96,96,12,0.2144343412,0.9998914931,5,2280,nao_irrigado,1.6925320740,-0.0094644561,6.7896636728,-0.6482078590,2.8875563945e-24,3.0052793288e-24,1,1
turno_genotipo,tarde_CD202,tarde / CD202,"2017-02-23,2017-02-24,2017-03-02",tarde,CD202,192,96,96,12,0.2144343412,0.9998914931,6,1668,irrigado,1.4531690125,0.0125567010,6.6124111898,0.3648475745,1.9616393022e-07,1.9618881437e-07,1,1
turno_genotipo,tarde_CD202,tarde / CD202,"2017-02-23,2017-02-24,2017-03-02",tarde,CD202,192,96,96,12,0.2144343412,0.9998914931,7,552,nao_irrigado,1.5564351989,-0.0105268069,6.4119618845,-0.2184630945,2.3329730827e-03,2.3552316820e-03,1,1
turno_genotipo,tarde_CD202,tarde / CD202,"2017-02-23,2017-02-24,2017-03-02",tarde,CD202,192,96,96,12,0.2144343412,0.9998914931,8,1667,irrigado,1.4584515143,0.0115617013,6.2475041332,0.4346816112,2.9800127563e-10,3.0398570541e-10,1,1
turno_genotipo,tarde_CD202,tarde / CD202,"2017-02-23,2017-02-24,2017-03-02",tarde,CD202,192,96,96,12,0.2144343412,0.9998914931,9,1665,irrigado,1.4598371554,0.0115045134,6.2328951862,0.5034629849,9.8358740903e-14,1.2352358008e-13,1,1
turno_genotipo,tarde_CD202,tarde / CD202,"2017-02-23,2017-02-24,2017-03-02",tarde,CD202,192,96,96,12,0.2144343412,0.9998914931,10,1666,irrigado,1.4512205311,0.0111247832,6.0310945259,0.4780079455,2.3582425088e-12,2.6220939216e-12,1,1
turno_genotipo,tarde_CD202,tarde / CD202,"2017-02-23,2017-02-24,2017-03-02",tarde,CD202,192,96,96,12,0.2144343412,0.9998914931,11,2277,nao_irrigado,1.5437738651,-0.0097441419,6.0260166260,-0.5929012560,1.3012182981e-19,1.3138071638e-19,1,1
turno_genotipo,tarde_CD202,tarde / CD202,"2017-02-23,2017-02-24,2017-03-02",tarde,CD202,192,96,96,12,0.2144343412,0.9998914931,12,2278,nao_irrigado,1.5916047274,-0.0089937427,6.0087097121,-0.6122173504,3.9131596312e-21,3.9526061886e-21,1,1
turno_genotipo,tarde_CD202,tarde / CD202,"2017-02-23,2017-02-24,2017-03-02",tarde,CD202,192,96,96,12,0.2144343412,0.9998914931,13,1664,irrigado,1.4544455464,0.0109476318,5.9795627213,0.5270254755,4.0686134568e-15,5.9977416758e-15,1,1
turno_genotipo,tarde_CD202,tarde / CD202,"2017-02-23,2017-02-24,2017-03-02",tarde,CD202,192,96,96,12,0.2144343412,0.9998914931,14,2279,nao_irrigado,1.6278117238,-0.0083279529,5.9567063462,-0.6276530103,1.9919463994e-22,2.0090147350e-22,1,1
turno_genotipo,tarde_CD202,tarde / CD202,"2017-02-23,2017-02-24,2017-03-02",tarde,CD202,192,96,96,12,0.2144343412,0.9998914931,15,2276,nao_irrigado,1.4869353599,-0.0103817465,5.9454546286,-0.5703612193,5.8352326275e-18,5.9327460794e-18,1,1
turno_genotipo,tarde_CD202,tarde / CD202,"2017-02-23,2017-02-24,2017-03-02",tarde,CD202,192,96,96,12,0.2144343412,0.9998914931,16,551,nao_irrigado,1.5287957682,-0.0097370673,5.9351043298,-0.3076028748,1.4239461920e-05,1.4995695664e-05,1,1
turno_genotipo,tarde_CD202,tarde / CD202,"2017-02-23,2017-02-24,2017-03-02",tarde,CD202,192,96,96,12,0.2144343412,0.9998914931,17,2274,nao_irrigado,1.4082940939,-0.0113896300,5.8840139420,-0.5332069278,1.6922607552e-15,1.8007083931e-15,1,1
turno_genotipo,tarde_CD202,tarde / CD202,"2017-02-23,2017-02-24,2017-03-02",tarde,CD202,192,96,96,12,0.2144343412,0.9998914931,18,2275,nao_irrigado,1.4400172766,-0.0109027871,5.8768530594,-0.5488586559,1.6914229791e-16,1.7571699709e-16,1,1
turno_genotipo,tarde_CD202,tarde / CD202,"2017-02-23,2017-02-24,2017-03-02",tarde,CD202,192,96,96,12,0.2144343412,0.9998914931,19,2273,nao_irrigado,1.3688903233,-0.0110982075,5.5362757774,-0.5197057155,1.1237710201e-14,1.2215616865e-14,1,1
turno_genotipo,tarde_CD202,tarde / CD202,"2017-02-23,2017-02-24,2017-03-02",tarde,CD202,192,96,96,12,0.2144343412,0.9998914931,20,1663,irrigado,1.4508605058,0.0098027621,5.5028560133,0.5522316528,1.0134475081e-16,1.7698017541e-16,1,1
turno_genotipo,tarde_EMB48,tarde / EMB48,"2017-02-23,2017-02-24,2017-03-02",tarde,EMB48,192,96,96,12,0.2290212470,0.9932725694,1,2229,irrigado,1.3599671839,0.0122973454,6.0014780901,0.5812512597,9.6376066764e-19,1.1741906121e-18,1,1
turno_genotipo,tarde_EMB48,tarde / EMB48,"2017-02-23,2017-02-24,2017-03-02",tarde,EMB48,192,96,96,12,0.2290212470,0.9932725694,2,858,nao_irrigado,1.4482325821,-0.0109389156,5.9909541117,-0.2359377425,9.8583668717e-04,9.8601933089e-04,1,1
turno_genotipo,tarde_EMB48,tarde / EMB48,"2017-02-23,2017-02-24,2017-03-02",tarde,EMB48,192,96,96,12,0.2290212470,0.9932725694,3,391,nao_irrigado,1.2680947666,-0.0131290294,5.7813764129,-0.4073023186,4.5427445439e-09,5.7204651086e-09,1,1
turno_genotipo,tarde_EMB48,tarde / EMB48,"2017-02-23,2017-02-24,2017-03-02",tarde,EMB48,192,96,96,12,0.2290212470,0.9932725694,4,859,nao_irrigado,1.4184826994,-0.0103739871,5.5886318868,-0.2351343911,1.0271074317e-03,1.0272079047e-03,1,1
turno_genotipo,tarde_EMB48,tarde / EMB48,"2017-02-23,2017-02-24,2017-03-02",tarde,EMB48,192,96,96,12,0.2290212470,0.9932725694,5,2230,irrigado,1.4317000796,0.0096905833,5.3965853529,0.5731595548,3.6970087927e-18,4.4056795794e-18,1,1
turno_genotipo,tarde_EMB48,tarde / EMB48,"2017-02-23,2017-02-24,2017-03-02",tarde,EMB48,192,96,96,12,0.2290212470,0.9932725694,6,1731,nao_irrigado,1.0882747842,-0.0147421844,5.3447493386,-0.2479027673,5.2652320724e-04,5.3783497565e-04,1,1
turno_genotipo,tarde_EMB48,tarde / EMB48,"2017-02-23,2017-02-24,2017-03-02",tarde,EMB48,192,96,96,12,0.2290212470,0.9932725694,7,1732,nao_irrigado,1.0783444458,-0.0139379534,4.9661458264,-0.2570311459,3.1953373681e-04,3.2703093241e-04,1,1
turno_genotipo,tarde_EMB48,tarde / EMB48,"2017-02-23,2017-02-24,2017-03-02",tarde,EMB48,192,96,96,12,0.2290212470,0.9932725694,8,1730,nao_irrigado,1.0516885458,-0.0138427571,4.7687527541,-0.2367712795,9.4463003380e-04,9.6193709713e-04,1,1
turno_genotipo,tarde_EMB48,tarde / EMB48,"2017-02-23,2017-02-24,2017-03-02",tarde,EMB48,192,96,96,12,0.2290212470,0.9932725694,9,1663,irrigado,1.4612047867,0.0076222961,4.7525095247,0.4044584878,5.9459323133e-09,5.9846477081e-09,1,1
turno_genotipo,tarde_EMB48,tarde / EMB48,"2017-02-23,2017-02-24,2017-03-02",tarde,EMB48,192,96,96,12,0.2290212470,0.9932725694,10,857,nao_irrigado,1.3886259193,-0.0084642601,4.6520178387,-0.2223274839,1.9389445530e-03,1.9391696611e-03,1,1
turno_genotipo,tarde_EMB48,tarde / EMB48,"2017-02-23,2017-02-24,2017-03-02",tarde,EMB48,192,96,96,12,0.2290212470,0.9932725694,11,390,nao_irrigado,1.2782402257,-0.0100484415,4.6196687673,-0.4025627804,7.1046058106e-09,8.8481085831e-09,1,1
turno_genotipo,tarde_EMB48,tarde / EMB48,"2017-02-23,2017-02-24,2017-03-02",tarde,EMB48,192,96,96,12,0.2290212470,0.9932725694,12,2228,irrigado,1.2510565545,0.0103302343,4.5687146519,0.5773557163,1.8495948111e-18,2.0569795378e-18,1,1
turno_genotipo,tarde_EMB48,tarde / EMB48,"2017-02-23,2017-02-24,2017-03-02",tarde,EMB48,192,96,96,12,0.2290212470,0.9932725694,13,1664,irrigado,1.4175448400,0.0078022298,4.5624743536,0.3601102545,2.8909226719e-07,2.9057541942e-07,1,1
turno_genotipo,tarde_EMB48,tarde / EMB48,"2017-02-23,2017-02-24,2017-03-02",tarde,EMB48,192,96,96,12,0.2290212470,0.9932725694,14,1452,nao_irrigado,1.5751355831,-0.0051534051,4.4550105344,-0.6640454910,8.7965054903e-26,8.8095194707e-26,1,1
turno_genotipo,tarde_EMB48,tarde / EMB48,"2017-02-23,2017-02-24,2017-03-02",tarde,EMB48,192,96,96,12,0.2290212470,0.9932725694,15,1451,nao_irrigado,1.5757838326,-0.0048904235,4.3545342056,-0.6758372840,5.6756540654e-27,6.0169815734e-27,1,1
turno_genotipo,tarde_EMB48,tarde / EMB48,"2017-02-23,2017-02-24,2017-03-02",tarde,EMB48,192,96,96,12,0.2290212470,0.9932725694,16,1450,nao_irrigado,1.5780160710,-0.0046870788,4.2872083660,-0.6860323189,4.7804495920e-28,5.9406380466e-28,1,1
turno_genotipo,tarde_EMB48,tarde / EMB48,"2017-02-23,2017-02-24,2017-03-02",tarde,EMB48,192,96,96,12,0.2290212470,0.9932725694,17,1453,nao_irrigado,1.5635575543,-0.0049029086,4.2862771459,-0.6499541618,1.9850201597e-24,2.0068925491e-24,1,1
turno_genotipo,tarde_EMB48,tarde / EMB48,"2017-02-23,2017-02-24,2017-03-02",tarde,EMB48,192,96,96,12,0.2290212470,0.9932725694,18,1729,nao_irrigado,1.0233843545,-0.0127318407,4.1584248828,-0.2301119615,1.3231812890e-03,1.3466076273e-03,1,1
turno_genotipo,tarde_EMB48,tarde / EMB48,"2017-02-23,2017-02-24,2017-03-02",tarde,EMB48,192,96,96,12,0.2290212470,0.9932725694,19,1665,irrigado,1.3799539594,0.0073128945,4.1431973195,0.3095388225,1.2489116036e-05,1.2562720892e-05,1,1
turno_genotipo,tarde_EMB48,tarde / EMB48,"2017-02-23,2017-02-24,2017-03-02",tarde,EMB48,192,96,96,12,0.2290212470,0.9932725694,20,1449,nao_irrigado,1.5737209517,-0.0042348920,4.0820492731,-0.6893335971,2.0990411343e-28,3.2568036917e-28,1,1
